"data";"1THB";"1USD";"1AUD";"1HKD";"1CAD";"1NZD";"1SGD";"1EUR";"100HUF";"1CHF";"1GBP";"1UAH";"100JPY";"1CZK";"1DKK";"100ISK";"1NOK";"1SEK";"1HRK";"1RON";"1BGN";"1TRY";"1ILS";"100CLP";"1PHP";"1MXN";"1ZAR";"1BRL";"1MYR";"1RUB";"10000IDR";"100INR";"100KRW";"1CNY";"1XDR"
2016-01-04;0,1087;3,9281;2,8349;0,5068;2,8247;2,6577;2,7609;4,2935;1,3597;3,9526;5,8083;0,1635;3,3049;0,1588;0,5753;3,0364;0,4443;0,4673;0,5618;0,9508;2,1952;1,333;1,0051;0,5543;0,0834;0,2263;0,2519;0,9919;0,9042;0,0535;2,8232;5,9078;0,3305;0,6026;5,4649
2016-01-05;0,1109;4,0073;2,8763;0,517;2,8769;2,6858;2,814;4,3176;1,369;3,9792;5,8779;0,1666;3,3658;0,1597;0,5786;3,0535;0,449;0,468;0,5651;0,9541;2,2076;1,3425;1,0211;0,5591;0,0854;0,231;0,2559;0,9917;0,9221;0,0546;2,8908;6,0131;0,3365;0,6146;5,4974
2016-01-07;0,1105;4,0085;2,8167;0,517;2,8402;2,6606;2,7908;4,3475;1,3771;3,9979;5,843;0,1663;3,4102;0,1609;0,5829;3,0714;0,4485;0,4688;0,5691;0,9603;2,2228;1,3288;1,0171;0,561;0,0851;0,2269;0,249;0,9917;0,9113;0,053;2,878;5,9965;0,334;0,6102;5,5836
2016-01-08;0,1101;3,9963;2,807;0,5152;2,8338;2,6481;2,7803;4,3457;1,3782;3,9922;5,8449;0,1662;3,3784;0,1608;0,5827;3,0712;0,4502;0,4698;0,5685;0,9602;2,2219;1,3367;1,0178;0,5538;0,0847;0,2248;0,2497;0,9879;0,91;0,0542;2,8707;5,9879;0,3326;0,6063;5,5354
2016-01-11;0,1105;4,0085;2,8101;0,5167;2,8395;2,6352;2,7945;4,3635;1,3802;4,0159;5,8402;0,1709;3,4014;0,1614;0,5849;3,0881;0,4514;0,4709;0,571;0,9638;2,231;1,3287;1,0231;0,5508;0,085;0,2247;0,2431;0,9959;0,9148;0,0532;2,889;6,0078;0,3329;0,6095;5,5617
2016-01-12;0,1106;4,017;2,807;0,5179;2,8245;2,6314;2,7951;4,3621;1,372;4,017;5,8223;0,1732;3,4131;0,1614;0,5847;3,0838;0,4512;0,4713;0,5698;0,9623;2,2303;1,3255;1,0215;0,5489;0,0849;0,2254;0,2408;0,9908;0,9119;0,0527;2,8885;6,0076;0,332;0,6111;5,5511
2016-01-13;0,1105;4,0068;2,8138;0,5163;2,8189;2,6298;2,793;4,3345;1,3739;3,9782;5,7963;0,1725;3,3875;0,1604;0,581;3,0654;0,4523;0,4685;0,5655;0,9574;2,2162;1,3276;1,0172;0,5489;0,0845;0,2249;0,243;0,9952;0,9151;0,0524;2,8974;5,9952;0,333;0,6093;5,5287
2016-01-14;0,1101;3,999;2,7728;0,5143;2,7842;2,5894;2,7777;4,3605;1,3796;3,98;5,7492;0,167;3,3927;0,1614;0,5843;3,0794;0,4526;0,4689;0,5684;0,9605;2,2295;1,3211;1,0138;0,5499;0,0837;0,2229;0,2412;0,9951;0,9086;0,0523;2,8753;5,9495;0,3289;0,6068;5,5634
2016-01-15;0,1112;4,0411;2,7832;0,5188;2,7844;2,5895;2,8058;4,4075;1,3985;4,0284;5,8085;0,166;3,4408;0,1631;0,5906;3,1159;0,4575;0,4723;0,575;0,9719;2,2536;1,331;1,0254;0,5603;0,0845;0,2242;0,2435;1,007;0,9139;0,0524;2,9089;5,9726;0,3323;0,6136;5,6037
2016-01-18;0,1133;4,1133;2,8292;0,5276;2,8351;2,6562;2,8566;4,4835;1,4201;4,0945;5,88;0,1662;3,5064;0,166;0,6007;3,163;0,4643;0,4795;0,5851;0,9888;2,2924;1,3533;1,0386;0,5628;0,0861;0,2259;0,2449;1,0166;0,9342;0,0523;2,9523;6,074;0,3396;0,6253;5,6836
2016-01-19;0,1128;4,0917;2,8331;0,5241;2,8287;2,651;2,8525;4,449;1,4121;4,0617;5,8555;0,1657;3,4727;0,1646;0,5961;3,1442;0,4628;0,4778;0,5805;0,9821;2,2747;1,3533;1,0356;0,5607;0,086;0,2263;0,2462;1,0085;0,9391;0,0522;2,948;6,0526;0,3395;0,6219;5,6399
2016-01-20;0,1127;4,0877;2,8057;0,5227;2,7921;2,6058;2,8397;4,4659;1,4168;4,0822;5,798;0,1662;3,5023;0,1652;0,5984;3,1528;0,4625;0,4778;0,5824;0,9853;2,2834;1,3417;1,0277;0,5611;0,0855;0,222;0,2432;1,0059;0,9327;0,0512;2,9286;6,0135;0,3365;0,6212;5,6737
2016-01-21;0,114;4,1303;2,8588;0,5286;2,8538;2,654;2,8708;4,4987;1,4306;4,1084;5,8581;0,1686;3,5341;0,1663;0,6028;3,1748;0,4629;0,4805;0,5868;0,9924;2,3002;1,3571;1,0391;0,5684;0,0864;0,2224;0,2467;1,0067;0,9447;0,049;2,9696;6,0781;0,3406;0,6296;5,7021
2016-01-22;0,1138;4,1031;2,8789;0,5264;2,8893;2,6614;2,8744;4,446;1,4216;4,0644;5,8608;0,1654;3,4714;0,1645;0,5958;3,1443;0,4687;0,4793;0,5797;0,9821;2,2732;1,3605;1,0333;0,5647;0,086;0,2214;0,2486;0,9878;0,9582;0,0512;2,963;6,0618;0,343;0,6237;5,6391
2016-01-25;0,1148;4,1346;2,8876;0,5304;2,9128;2,6848;2,891;4,472;1,432;4,0775;5,8955;0,1667;3,4918;0,1655;0,5993;3,1593;0,4707;0,482;0,5829;0,9883;2,2865;1,3738;1,0385;0,5777;0,0864;0,2231;0,2509;1,0098;0,9709;0,0524;2,9804;6,102;0,3455;0,6284;5,7067
2016-01-26;0,1155;4,1475;2,8894;0,5321;2,9089;2,6781;2,9034;4,4961;1,438;4,0861;5,8958;0,1669;3,5087;0,1664;0,6025;3,1696;0,4732;0,4847;0,5866;0,9921;2,2988;1,3703;1,0429;0,5736;0,0864;0,2231;0,2501;1,0152;0,9691;0,0517;2,9845;6,1134;0,3449;0,6301;5,7279
2016-01-27;0,1149;4,1144;2,8953;0,528;2,9118;2,6752;2,8816;4,473;1,4247;4,0516;5,8855;0,1655;3,4801;0,1655;0,5994;3,1556;0,4723;0,4824;0,5832;0,9878;2,287;1,3722;1,0351;0,5728;0,0859;0,2231;0,2509;1,0104;0,9693;0,0523;2,9642;6,0491;0,3422;0,6278;5,688
2016-01-28;0,1141;4,0872;2,8966;0,5246;2,908;2,6453;2,8663;4,4588;1,4235;4,0265;5,8507;0,1625;3,4411;0,165;0,5975;3,1433;0,4729;0,4803;0,5821;0,9823;2,2798;1,3728;1,0317;0,5717;0,0855;0,2228;0,2512;0,9955;0,9739;0,0537;2,946;6,0084;0,3391;0,624;5,6559
2016-01-29;0,114;4,0723;2,8878;0,5229;2,9027;2,6491;2,8614;4,4405;1,4224;3,9949;5,8443;0,1594;3,369;0,1643;0,595;3,1359;0,4701;0,4773;0,5795;0,9803;2,2704;1,3733;1,0305;0,5735;0,0854;0,2236;0,2535;1,0004;0,9811;0,0539;2,9567;5,9995;0,338;0,6215;5,6302
2016-02-01;0,1141;4,0638;2,869;0,5219;2,8916;2,6277;2,8525;4,4104;1,4188;3,973;5,7868;0,1596;3,3524;0,1631;0,591;3,1169;0,4691;0,4744;0,5758;0,9724;2,255;1,3664;1,0262;0,5693;0,0852;0,2227;0,2535;1,0162;0,9766;0,0534;2,9785;5,9851;0,3377;0,6178;5,5756
2016-02-02;0,1127;4,0333;2,8403;0,5182;2,8738;2,6146;2,8261;4,4015;1,4139;3,952;5,7918;0,1569;3,3419;0,1629;0,5898;3,104;0,4617;0,4718;0,5745;0,9756;2,2504;1,3628;1,0186;0,5671;0,0843;0,2194;0,2507;1,0181;0,9553;0,0509;2,9465;5,9315;0,3327;0,6129;5,5719
2016-02-03;0,1125;4,0325;2,8416;0,5174;2,8748;2,6544;2,8159;4,4024;1,4159;3,9642;5,8291;0,1566;3,3725;0,1629;0,5899;3,1047;0,4629;0,4713;0,5744;0,9755;2,2509;1,3633;1,016;0,5645;0,0842;0,2183;0,2487;1,0115;0,956;0,0512;2,9291;5,916;0,3311;0,613;5,5732
2016-02-04;0,111;3,9492;2,8479;0,5072;2,8791;2,6461;2,8079;4,4078;1,4232;3,9431;5,7822;0,1533;3,3549;0,1631;0,5906;3,0921;0,4646;0,4696;0,5752;0,9776;2,2536;1,3617;1,0103;0,5598;0,0828;0,2179;0,2481;1,0133;0,9558;0,0518;2,8954;5,8409;0,3314;0,6004;5,5808
2016-02-05;0,1111;3,942;2,8342;0,5061;2,8734;2,6483;2,8208;4,4135;1,4253;3,9756;5,7326;0,1522;3,3723;0,1633;0,5914;3,1005;0,4629;0,4698;0,5763;0,981;2,2566;1,3561;1,0157;0,5659;0,0828;0,2163;0,2484;1,0137;0,9529;0,0514;2,8935;5,8252;0,3302;0,5995;5,5036
2016-02-08;0,1113;3,9525;2,8028;0,5076;2,8434;2,6211;2,8127;4,4185;1,4242;3,9869;5,7338;0,1529;3,3858;0,1633;0,592;3,1051;0,4617;0,47;0,5773;0,9871;2,2592;1,3483;1,0182;0,5608;0,0827;0,2136;0,2467;1,0133;0,9497;0,0513;2,9009;5,8215;0,328;0,6012;5,5157
2016-02-09;0,1121;3,9771;2,7971;0,5102;2,8616;2,6255;2,8331;4,449;1,4285;4,0447;5,7425;0,1532;3,45;0,1644;0,5961;3,1243;0,4627;0,4688;0,5821;0,9912;2,2747;1,3483;1,0237;0,558;0,0833;0,213;0,2464;1,0207;0,9544;0,0506;2,9237;5,8436;0,3296;0,6063;5,5879
2016-02-10;0,1114;3,9383;2,8006;0,5053;2,8418;2,6242;2,8297;4,4366;1,4261;4,0445;5,7095;0,1532;3,4271;0,1641;0,5945;3,1134;0,4624;0,4674;0,5806;0,9891;2,2684;1,3445;1,0195;0,5516;0,083;0,2106;0,2481;1,0131;0,9556;0,05;2,9257;5,8025;0,3295;0,5993;5,5265
2016-02-11;0,1112;3,9219;2,7609;0,5035;2,8077;2,6086;2,8208;4,4407;1,424;4,0541;5,6707;0,1525;3,522;0,164;0,595;3,1054;0,4577;0,4662;0,5822;0,9904;2,2705;1,3353;1,0099;0,5501;0,0825;0,2061;0,246;0,9988;0,947;0,0494;2,9126;5,7444;0,3257;0,5962;5,5334
2016-02-12;0,1098;3,9074;2,7763;0,5014;2,8099;2,6054;2,8035;4,4136;1,4264;4,0089;5,6825;0,152;3,4727;0,1632;0,5913;3,0918;0,4561;0,4666;0,5786;0,9865;2,2566;1,3342;1,0071;0,5487;0,0822;0,2045;0,2473;0,9786;0,9398;0,0492;2,896;5,7264;0,3239;0,5943;5,4781
2016-02-15;0,11;3,922;2,8035;0,5039;2,8373;2,6158;2,8033;4,396;1,4222;3,9935;5,6774;0,1466;3,443;0,1624;0,589;3,0882;0,4568;0,4642;0,5768;0,9833;2,2476;1,3307;1,0098;0,5557;0,0826;0,2074;0,248;0,9806;0,948;0,0505;2,9327;5,7584;0,324;0,6041;5,4812
2016-02-16;0,1107;3,9404;2,8226;0,5059;2,8588;2,6013;2,8121;4,4042;1,4201;3,9938;5,6979;0,1469;3,4588;0,1629;0,5901;3,095;0,4576;0,4655;0,5777;0,9849;2,2518;1,333;1,0079;0,5597;0,083;0,2096;0,2502;0,9869;0,9459;0,0509;2,9413;5,7583;0,3241;0,6046;5,4914
2016-02-17;0,1107;3,9431;2,8061;0,5064;2,8496;2,6017;2,8036;4,3905;1,4149;3,98;5,6455;0,1455;3,4575;0,1624;0,5882;3,0789;0,4564;0,4642;0,5764;0,9854;2,2448;1,3317;1,0105;0,5564;0,0828;0,2096;0,2499;0,9694;0,9366;0,051;2,9197;5,7611;0,3217;0,6041;5,4974
2016-02-18;0,1109;3,9416;2,825;0,5068;2,8794;2,6155;2,8125;4,3902;1,4168;3,9729;5,6364;0,1507;3,4634;0,1624;0,5882;3,0776;0,4603;0,466;0,5763;0,9851;2,2447;1,3288;1,0113;0,5626;0,083;0,2168;0,2556;0,9899;0,9491;0,0525;2,9209;5,7599;0,3217;0,6049;5,5049
2016-02-19;0,1106;3,9531;2,8101;0,5086;2,8711;2,6151;2,8111;4,383;1,4162;3,9714;5,6504;0,147;3,5008;0,1622;0,5873;3,0693;0,4605;0,4675;0,5754;0,9822;2,241;1,3314;1,0103;0,5624;0,083;0,2161;0,2567;0,982;0,9381;0,0517;2,9304;5,7463;0,3204;0,6061;5,5172
2016-02-22;0,1102;3,9391;2,8319;0,507;2,8636;2,624;2,8114;4,3655;1,4159;3,9668;5,5861;0,1453;3,4842;0,1615;0,5851;3,0614;0,459;0,4656;0,5719;0,9751;2,232;1,3389;1,0091;0,5634;0,0828;0,2177;0,2575;0,9799;0,9408;0,0518;2,9317;5,7418;0,3205;0,6042;5,4902
2016-02-23;0,111;3,9671;2,8708;0,5107;2,8881;2,6549;2,8207;4,3655;1,4206;3,9835;5,6025;0,1456;3,5424;0,1613;0,5851;3,0646;0,4603;0,4667;0,5723;0,9763;2,232;1,3511;1,0142;0,5731;0,0833;0,2186;0,2618;1,0051;0,9431;0,0524;2,9553;5,7902;0,322;0,6076;5,5044
2016-02-24;0,1115;3,9803;2,8569;0,5125;2,8865;2,6337;2,833;4,372;1,4105;4,0103;5,5486;0,1462;3,5566;0,1617;0,5859;3,0745;0,4585;0,4675;0,573;0,9769;2,2353;1,3537;1,014;0,572;0,0835;0,2183;0,2601;1,0063;0,9401;0,0516;2,9679;5,8065;0,3217;0,6089;5,5219
2016-02-25;0,1113;3,9705;2,8479;0,511;2,896;2,6468;2,8284;4,3739;1,4107;4,0069;5,5324;0,1455;3,5415;0,1618;0,5862;3,0716;0,458;0,4673;0,5738;0,9786;2,2363;1,3524;1,0145;0,5719;0,0833;0,2177;0,2525;1,0036;0,9414;0,052;2,9613;5,7764;0,3199;0,6077;5,5204
2016-02-26;0,111;3,9545;2,8559;0,5091;2,9276;2,6718;2,8255;4,357;1,4036;3,9888;5,5475;0,1457;3,5014;0,161;0,584;3,0694;0,4581;0,4646;0,5714;0,9761;2,2277;1,3504;1,0137;0,5727;0,0833;0,219;0,2535;1,0001;0,9404;0,0528;2,9582;5,7552;0,3207;0,6051;5,4892
2016-02-29;0,1121;3,9935;2,8478;0,5138;2,9392;2,6339;2,8409;4,3589;1,403;3,9922;5,5376;0,1471;3,5379;0,1611;0,5843;3,0794;0,4587;0,4679;0,5717;0,975;2,2286;1,3485;1,0221;0,5761;0,084;0,2184;0,2477;0,9996;0,9486;0,0524;2,9865;5,8356;0,3225;0,6099;5,4991
2016-03-01;0,112;3,9924;2,8517;0,5136;2,9489;2,6335;2,8463;4,3365;1,4026;3,9909;5,571;0,1474;3,5298;0,1603;0,5813;3,0657;0,4606;0,4644;0,5687;0,971;2,2172;1,3556;1,0228;0,573;0,0843;0,2212;0,2536;0,994;0,9569;0,0541;2,9908;5,8693;0,3234;0,6096;5,5015
2016-03-02;0,1121;3,9861;2,8746;0,5127;2,9613;2,6326;2,8413;4,3333;1,3988;3,9933;5,5505;0,1496;3,4863;0,1602;0,581;3,0689;0,4604;0,4634;0,5698;0,9719;2,2156;1,3571;1,0244;0,5784;0,0843;0,2226;0,2535;1,017;0,9569;0,0538;2,9993;5,894;0,325;0,6086;5,5088
2016-03-03;0,1121;3,9805;2,9112;0,5119;2,9625;2,6638;2,8581;4,325;1,3997;3,9891;5,6045;0,1518;3,4927;0,1599;0,5799;3,0598;0,4596;0,4625;0,5687;0,9703;2,2113;1,3621;1,0225;0,5812;0,0846;0,2226;0,2543;1,0231;0,9633;0,0539;3,0071;5,9081;0,3276;0,6087;5,499
2016-03-04;0,1116;3,9545;2,9141;0,509;2,9396;2,668;2,8601;4,334;1,3985;3,9822;5,5894;0,1478;3,4768;0,1602;0,581;3,0586;0,4611;0,4641;0,5702;0,9703;2,2159;1,3559;1,0124;0,5763;0,0843;0,2203;0,2523;1,0404;0,9654;0,0539;3,0097;5,8766;0,3286;0,6057;5,4962
2016-03-07;0,1115;3,9515;2,9227;0,5087;2,958;2,668;2,8556;4,3292;1,4019;3,9532;5,5911;0,1505;3,4816;0,16;0,5802;3,0628;0,4633;0,4642;0,5712;0,97;2,2135;1,3498;1,0114;0,5796;0,0842;0,2211;0,2566;1,0515;0,9656;0,0549;3,0189;5,8853;0,3275;0,6059;5,4777
2016-03-08;0,111;3,9333;2,9229;0,5064;2,9471;2,6572;2,8416;4,3325;1,3925;3,9664;5,5986;0,1498;3,4823;0,1601;0,5806;3,0597;0,4589;0,4634;0,5713;0,9707;2,2151;1,3456;1,0054;0,579;0,0838;0,2204;0,2547;1,04;0,9572;0,0548;2,9924;5,835;0,3255;0,6043;5,4858
2016-03-09;0,1115;3,9395;2,9456;0,5073;2,9402;2,6672;2,8503;4,3215;1,3917;3,9468;5,6065;0,1507;3,5032;0,1598;0,5792;3,0541;0,4603;0,4646;0,5703;0,9682;2,2096;1,3537;1,0072;0,5772;0,0841;0,2204;0,2553;1,049;0,9565;0,0545;2,9973;5,8565;0,3249;0,6048;5,4504
2016-03-10;0,1116;3,932;2,939;0,5065;2,9627;2,6233;2,8482;4,3131;1,391;3,9447;5,5869;0,1542;3,4678;0,1595;0,5782;3,0546;0,4613;0,465;0,5709;0,967;2,2053;1,3585;1,0092;0,5788;0,0843;0,2217;0,2585;1,0691;0,9606;0,0555;3,0082;5,8674;0,3275;0,6036;5,4619
2016-03-11;0,1106;3,8903;2,9175;0,5013;2,9388;2,6008;2,825;4,3226;1,3921;3,9409;5,5543;0,1502;3,4179;0,1597;0,5794;3,0722;0,4565;0,4642;0,5712;0,9684;2,2101;1,3529;1,003;0,5698;0,0835;0,2196;0,2548;1,0785;0,9533;0,0555;2,9768;5,7882;0,3267;0,5985;5,5279
2016-03-14;0,1097;3,847;2,9064;0,496;2,9071;2,5891;2,7994;4,2813;1,3791;3,8983;5,5307;0,1452;3,3878;0,1583;0,574;3,0461;0,4545;0,4608;0,565;0,9587;2,189;1,3344;0,9922;0,5633;0,0825;0,2171;0,251;1,0757;0,9367;0,0548;2,9468;5,7417;0,3247;0,5926;5,3847
2016-03-15;0,1101;3,8649;2,8853;0,4984;2,8871;2,5704;2,7992;4,2824;1,3819;3,9107;5,4738;0,144;3,4169;0,1583;0,5742;3,0469;0,4532;0,4627;0,5666;0,958;2,1895;1,3385;0,9926;0,5679;0,0826;0,2162;0,2471;1,0562;0,9324;0,0547;2,9346;5,7401;0,3239;0,594;5,3747
2016-03-16;0,1106;3,8749;2,8909;0,4993;2,8981;2,5615;2,8065;4,298;1,3812;3,9192;5,4703;0,1439;3,4117;0,1589;0,5764;3,0591;0,4516;0,4652;0,5683;0,9597;2,1975;1,3344;0,9935;0,5641;0,0828;0,2169;0,2407;1,0284;0,9325;0,0547;2,92;5,7564;0,3248;0,5944;5,3923
2016-03-17;0,1094;3,8037;2,901;0,4905;2,9269;2,5929;2,8052;4,2989;1,3839;3,9143;5,4355;0,1426;3,4137;0,1589;0,5765;3,051;0,4541;0,4664;0,5697;0,9602;2,198;1,3311;0,9881;0,5598;0,0821;0,2174;0,2447;1,0168;0,9374;0,0555;2,9054;5,7071;0,3276;0,5867;5,4093
2016-03-18;0,1087;3,7882;2,8867;0,4884;2,9103;2,5762;2,7916;4,2705;1,3741;3,9045;5,4708;0,1435;3,4033;0,1579;0,573;3,0341;0,4548;0,4612;0,5669;0,9553;2,1834;1,3233;0,9824;0,5653;0,0817;0,2182;0,2463;1,0449;0,933;0,0552;2,8879;5,694;0,3255;0,5847;5,3152
2016-03-21;0,1084;3,7838;2,8818;0,488;2,9012;2,5667;2,786;4,2603;1,3736;3,8994;5,4511;0,1422;3,3921;0,1576;0,5716;3,0226;0,4516;0,4604;0,5663;0,9535;2,1783;1,3186;0,983;0,5595;0,0816;0,2177;0,2465;1,0439;0,9317;0,0554;2,8805;5,6895;0,326;0,5839;5,3113
2016-03-22;0,1089;3,8005;2,8856;0,4901;2,9075;2,5637;2,7934;4,259;1,3694;3,9104;5,4307;0,1458;3,4019;0,1575;0,5714;3,0292;0,4504;0,46;0,5652;0,9529;2,1776;1,3214;0,9863;0,5615;0,0821;0,2181;0,2493;1,05;0,9465;0,0561;2,8839;5,6912;0,3281;0,5853;5,3096
2016-03-23;0,1082;3,801;2,8853;0,4901;2,9069;2,5489;2,7803;4,2533;1,359;3,8951;5,3877;0,1462;3,3744;0,1573;0,5707;3,0219;0,4502;0,4602;0,5641;0,9529;2,1747;1,323;0,9885;0,5648;0,082;0,2187;0,2484;1,0622;0,9453;0,0561;2,8847;5,6885;0,3272;0,5849;5,3169
2016-03-24;0,1082;3,824;2,8677;0,4928;2,885;2,5563;2,7918;4,2715;1,3605;3,9201;5,3872;0,1453;3,3924;0,1579;0,5731;3,0391;0,4501;0,4617;0,5663;0,9567;2,184;1,3253;0,9965;0,5608;0,0824;0,2164;0,2471;1,0387;0,9493;0,055;2,8856;5,7148;0,3274;0,587;5,3462
2016-03-25;0,1082;3,8174;2,8734;0,4921;2,8862;2,5595;2,7833;4,263;1,3601;3,9087;5,403;0,1471;3,3778;0,1575;0,5719;3,0331;0,4498;0,46;0,5659;0,9551;2,1797;1,3297;0,9942;0,5607;0,0822;0,2165;0,247;1,0368;0,9474;0,056;2,8806;5,7034;0,3264;0,5862;5,3347
2016-03-29;0,1074;3,8037;2,8616;0,4904;2,881;2,561;2,7796;4,2535;1,3559;3,9025;5,4216;0,1436;3,3451;0,1572;0,5706;3,0231;0,4494;0,4593;0,5654;0,9531;2,1748;1,3238;0,9924;0,5601;0,0821;0,2179;0,2454;1,049;0,9527;0,0553;2,8392;5,7063;0,3264;0,5843;5,324
2016-03-30;0,1064;3,7495;2,8732;0,4836;2,875;2,5952;2,7763;4,2445;1,3537;3,889;5,3974;0,1428;3,3412;0,1568;0,5694;3,0178;0,4495;0,4594;0,5645;0,9522;2,1702;1,3223;0,9892;0,5513;0,0815;0,2168;0,2499;1,0315;0,9533;0,0557;2,826;5,6563;0,3277;0,5788;5,3039
2016-03-31;0,1068;3,759;2,8838;0,4847;2,9007;2,6018;2,7914;4,2684;1,3586;3,904;5,4078;0,1436;3,3463;0,1578;0,5729;3,0348;0,4532;0,4624;0,567;0,9538;2,1824;1,3284;0,9963;0,5584;0,0818;0,2182;0,2542;1,045;0,9635;0,0555;2,8344;5,6814;0,3302;0,5815;5,3019
2016-04-01;0,1059;3,7193;2,8537;0,4796;2,8564;2,5677;2,7574;4,2387;1,3518;3,8722;5,326;0,1429;3,3097;0,1568;0,5688;3,0179;0,45;0,4587;0,5644;0,9479;2,1672;1,3184;0,9822;0,5543;0,0808;0,2146;0,2532;1,0356;0,9555;0,0554;2,826;5,6067;0,3231;0,5751;5,2451
2016-04-04;0,1057;3,7254;2,8382;0,4804;2,8523;2,555;2,7549;4,2355;1,355;3,8771;5,2871;0,1438;3,3386;0,1567;0,5688;3,021;0,4471;0,4581;0,564;0,9481;2,1656;1,3189;0,9849;0,5555;0,0807;0,215;0,2518;1,048;0,9554;0,0544;2,8293;5,6331;0,3239;0,5749;5,2208
2016-04-05;0,1058;3,7337;2,8243;0,4815;2,8454;2,5323;2,7535;4,2452;1,3573;3,8915;5,3145;0,1431;3,3799;0,157;0,5706;3,028;0,4478;0,458;0,5647;0,9503;2,1705;1,319;0,9846;0,5562;0,0807;0,2123;0,2503;1,0307;0,952;0,0544;2,8246;5,6153;0,322;0,5772;5,2487
2016-04-06;0,1064;3,751;2,8327;0,4836;2,8499;2,5479;2,7659;4,2577;1,3632;3,9042;5,2933;0,1446;3,3983;0,1575;0,572;3,0336;0,4497;0,46;0,567;0,9535;2,177;1,3178;0,9834;0,5555;0,0811;0,2116;0,2467;1,0197;0,9569;0,0547;2,8374;5,6252;0,3234;0,5787;5,2733
2016-04-07;0,1063;3,7414;2,8358;0,4823;2,8607;2,5555;2,7733;4,2601;1,3668;3,9139;5,2704;0,145;3,4516;0,1576;0,5723;3,0224;0,4508;0,4588;0,5674;0,9538;2,1781;1,3163;0,9893;0,5543;0,0812;0,212;0,2475;1,0272;0,9552;0,0553;2,8429;5,6272;0,3244;0,578;5,2836
2016-04-08;0,1074;3,7701;2,846;0,486;2,8809;2,5597;2,7946;4,293;1,3728;3,9423;5,319;0,1471;3,462;0,1588;0,5768;3,0501;0,4549;0,4621;0,573;0,9614;2,195;1,3199;0,9962;0,5502;0,0818;0,2118;0,2496;1,0248;0,9664;0,056;2,8686;5,6591;0,327;0,5825;5,3229
2016-04-11;0,1072;3,7587;2,8393;0,4845;2,8924;2,564;2,7934;4,2826;1,3721;3,9344;5,3362;0,1468;3,4759;0,1584;0,5755;3,0427;0,4566;0,4613;0,572;0,9587;2,1896;1,3221;0,9946;0,5505;0,0815;0,2115;0,2537;1,0473;0,9665;0,0561;2,8633;5,6596;0,3277;0,5815;5,3079
2016-04-12;0,107;3,749;2,8698;0,4835;2,9128;2,5838;2,7875;4,2867;1,3743;3,942;5,3587;0,147;3,463;0,1586;0,5759;3,0467;0,4604;0,4656;0,5732;0,9588;2,1917;1,3246;0,9954;0,5516;0,0814;0,2132;0,2555;1,0752;0,9667;0,0566;2,8589;5,6411;0,3281;0,5809;5,3129
2016-04-13;0,1078;3,7771;2,8958;0,487;2,9517;2,6165;2,8013;4,2827;1,3763;3,9343;5,3654;0,1483;3,4591;0,1584;0,5755;3,0439;0,4605;0,4665;0,5731;0,9581;2,1897;1,3259;1,0008;0,5612;0,082;0,2158;0,2559;1,0819;0,9754;0,0576;2,8702;5,6773;0,3293;0,5843;5,3112
2016-04-14;0,1087;3,8174;2,9339;0,492;2,9705;2,6225;2,7993;4,3016;1,3824;3,9511;5,4003;0,1487;3,4955;0,1591;0,578;3,0627;0,4636;0,4688;0,5757;0,962;2,1994;1,3342;1,0083;0,5695;0,0826;0,218;0,2608;1,0915;0,9815;0,0576;2,897;5,7294;0,331;0,5889;5,3571
2016-04-15;0,1088;3,8176;2,9465;0,4922;2,9743;2,6371;2,8082;4,3;1,3813;3,9451;5,4071;0,1501;3,4901;0,1591;0,5779;3,067;0,4631;0,4684;0,574;0,9613;2,1985;1,335;1,0089;0,575;0,0827;0,2189;0,2632;1,0994;0,9777;0,0578;2,8979;5,7352;0,3325;0,589;5,3655
2016-04-18;0,1085;3,801;2,9254;0,4902;2,947;2,6363;2,8045;4,2978;1,3836;3,9395;5,3945;0,1492;3,5074;0,159;0,5776;3,0655;0,4615;0,4681;0,5732;0,9597;2,1974;1,3327;1,0069;0,5702;0,0823;0,2159;0,26;1,0772;0,9675;0,0564;2,8858;5,7155;0,3313;0,5866;5,3535
2016-04-19;0,1086;3,7925;2,9477;0,4889;2,9694;2,6572;2,8199;4,2977;1,3849;3,9354;5,4302;0,149;3,4697;0,159;0,5775;3,0676;0,4641;0,4683;0,5732;0,9594;2,1974;1,3359;1,0053;0,5715;0,0823;0,2182;0,2633;1,0495;0,9758;0,0577;2,8845;5,715;0,3351;0,5863;5,3501
2016-04-20;0,1084;3,7842;2,9564;0,4878;2,9828;2,6518;2,825;4,3004;1,3882;3,9352;5,4394;0,1488;3,4728;0,1591;0,5778;3,0641;0,4654;0,4682;0,5732;0,9594;2,1987;1,3336;1,0054;0,5734;0,0819;0,2183;0,2653;1,0725;0,9794;0,0574;2,8792;5,7217;0,3345;0,585;5,3441
2016-04-21;0,1084;3,7981;2,9655;0,4895;2,9986;2,6439;2,8203;4,2885;1,3845;3,9102;5,4357;0,1497;3,4592;0,1586;0,5763;3,0501;0,4668;0,4686;0,5728;0,9574;2,1927;1,3452;1,0076;0,5769;0,0818;0,2192;0,2657;1,077;0,9776;0,0581;2,8867;5,7291;0,3343;0,5862;5,3186
2016-04-22;0,1096;3,8399;2,9728;0,495;3,0118;2,6425;2,8448;4,3283;1,3958;3,9302;5,5078;0,1514;3,4788;0,1601;0,5816;3,0784;0,4679;0,4718;0,5781;0,9662;2,213;1,3561;1,0173;0,576;0,0823;0,2196;0,2675;1,0867;0,9843;0,0579;2,9094;5,7668;0,3359;0,5913;5,3682
2016-04-25;0,1109;3,8962;3,0036;0,5023;3,0698;2,6777;2,8793;4,386;1,4117;3,9947;5,622;0,1537;3,5043;0,1623;0,5894;3,1206;0,4734;0,4784;0,5862;0,9797;2,2425;1,367;1,0326;0,5831;0,0831;0,2221;0,2688;1,0923;0,9967;0,0584;2,9525;5,841;0,3391;0,5997;5,4737
2016-04-26;0,1107;3,8935;3,014;0,5021;3,0809;2,684;2,8811;4,3978;1,4088;4;5,6746;0,154;3,513;0,1626;0,5909;3,1323;0,4754;0,4802;0,5881;0,9818;2,2485;1,3745;1,0339;0,5827;0,0832;0,2222;0,2692;1,0954;0,9905;0,0585;2,9498;5,8524;0,3389;0,5996;5,4873
2016-04-27;0,1104;3,8793;2,9582;0,5002;3,0824;2,6611;2,8751;4,3926;1,408;3,9896;5,6617;0,1539;3,4888;0,1625;0,5902;3,1297;0,4761;0,4782;0,587;0,9846;2,2459;1,3756;1,0299;0,5802;0,083;0,2233;0,2693;1,1003;0,991;0,0595;2,9404;5,8381;0,3377;0,5976;5,4799
2016-04-28;0,1105;3,8695;2,9545;0,4987;3,0833;2,692;2,88;4,394;1,4123;4,002;5,6504;0,1536;3,5776;0,1625;0,5903;3,133;0,4751;0,4801;0,5879;0,9835;2,2466;1,3719;1,0299;0,5819;0,0827;0,2226;0,2685;1,0977;0,9927;0,0594;2,9342;5,8183;0,3397;0,5982;5,4786
2016-04-29;0,111;3,8738;2,9539;0,4993;3,0918;2,6991;2,8834;4,4078;1,4135;4,0215;5,6496;0,1537;3,6167;0,1631;0,5921;3,1473;0,4783;0,481;0,587;0,9843;2,2537;1,3809;1,0334;0,5866;0,0826;0,2252;0,2723;1,1109;0,9905;0,0601;2,9381;5,8258;0,3397;0,5973;5,4853
2016-05-02;0,1095;3,8195;2,9078;0,4923;3,0412;2,6739;2,8433;4,3842;1,4071;3,9844;5,5814;0,152;3,5873;0,1621;0,589;3,1327;0,4736;0,4774;0,5832;0,9783;2,2416;1,3651;1,0195;0,5777;0,0813;0,2222;0,268;1,112;0,9733;0,0588;2,8981;5,7494;0,3355;0,5899;5,4493
2016-05-04;0,109;3,83;2,8663;0,4935;3,0057;2,6375;2,8253;4,3992;1,4059;4,0078;5,5465;0,1521;3,5842;0,1627;0,5911;3,14;0,4703;0,4753;0,5857;0,9796;2,2493;1,3364;1,0147;0,5724;0,0811;0,2156;0,2581;1,0756;0,9563;0,0577;2,8916;5,7483;0,331;0,5892;5,4263
2016-05-05;0,1094;3,8475;2,8794;0,4957;3,0004;2,6509;2,8352;4,4003;1,4074;4,0005;5,5802;0,1531;3,5853;0,1627;0,5914;3,1408;0,472;0,4748;0,5854;0,9775;2,2499;1,3171;1,0178;0,5732;0,0814;0,2176;0,2583;1,0846;0,9594;0,0584;2,9053;5,7849;0,3298;0,5914;5,4308
2016-05-06;0,1101;3,8732;2,8551;0,499;3,0158;2,6508;2,8503;4,4236;1,4133;4,0047;5,6116;0,1539;3,6219;0,1636;0,5946;3,1575;0,4725;0,4774;0,5896;0,9824;2,2618;1,3244;1,0234;0,5794;0,0823;0,2159;0,2582;1,0953;0,9664;0,0586;2,9245;5,8178;0,3309;0,5958;5,4783
2016-05-09;0,1102;3,873;2,8471;0,499;2,9945;2,6446;2,8386;4,4123;1,4038;3,9961;5,5901;0,1538;3,5907;0,1633;0,5931;3,1562;0,474;0,4761;0,59;0,9822;2,256;1,3246;1,0254;0,5825;0,0822;0,2166;0,2598;1,1075;0,965;0,0591;2,914;5,8294;0,3311;0,5953;5,473
2016-05-10;0,1103;3,8853;2,8638;0,5005;3,0068;2,6278;2,8411;4,4275;1,4036;4,0001;5,613;0,154;3,5655;0,1638;0,5951;3,1659;0,4739;0,477;0,5918;0,9865;2,2637;1,3229;1,0282;0,5735;0,0832;0,2148;0,2548;1,1051;0,9603;0,0586;2,9242;5,8303;0,332;0,5964;5,4946
2016-05-11;0,1101;3,8855;2,8531;0,5005;3,0059;2,6363;2,8353;4,4241;1,404;3,9877;5,6012;0,1531;3,5745;0,1637;0,5946;3,1635;0,473;0,4765;0,589;0,9851;2,262;1,3085;1,0305;0,5723;0,0836;0,2143;0,2538;1,1184;0,9612;0,0586;2,9197;5,8212;0,332;0,5966;5,4901
2016-05-12;0,11;3,8811;2,8474;0,5001;3,0214;2,6497;2,8338;4,4275;1,404;4,0008;5,603;0,1533;3,5621;0,1639;0,595;3,1602;0,4787;0,4768;0,5895;0,9846;2,2637;1,3173;1,032;0,5712;0,0833;0,2168;0,2594;1,1257;0,9645;0,0598;2,9193;5,8264;0,3325;0,5961;5,4849
2016-05-13;0,1094;3,8775;2,8274;0,4996;3,0154;2,6382;2,8292;4,4016;1,395;3,9944;5,589;0,1521;3,5664;0,1627;0,5916;3,144;0,4748;0,4722;0,5867;0,9787;2,2505;1,3114;1,0282;0,5661;0,0832;0,2153;0,2567;1,1181;0,9617;0,0596;2,9111;5,8076;0,3309;0,5944;5,4608
2016-05-16;0,1092;3,8625;2,8167;0,4975;2,9906;2,6236;2,8219;4,3727;1,3869;3,9577;5,5449;0,1522;3,5496;0,1617;0,5878;3,1267;0,4722;0,4692;0,5834;0,974;2,2357;1,3025;1,0196;0,5592;0,0831;0,213;0,2498;1,094;0,959;0,0595;2,9036;5,7817;0,3279;0,5922;5,4369
2016-05-17;0,1085;3,8508;2,8206;0,4961;2,9855;2,6177;2,8134;4,361;1,3852;3,9361;5,5725;0,1526;3,5127;0,1614;0,5862;3,1183;0,4712;0,4672;0,582;0,9717;2,2297;1,2983;1,0105;0,5572;0,0829;0,2105;0,2465;1,1008;0,9578;0,0595;2,8958;5,7697;0,3277;0,5909;5,4281
2016-05-18;0,1096;3,9005;2,8371;0,5025;3,0077;2,64;2,8327;4,3937;1,3922;3,966;5,6243;0,1546;3,5626;0,1626;0,5907;3,1428;0,4733;0,4707;0,5864;0,9779;2,2464;1,3082;1,0169;0,5641;0,0835;0,2119;0,2465;1,1181;0,9621;0,0597;2,9136;5,8245;0,3291;0,5962;5,4738
2016-05-19;0,1098;3,9161;2,8248;0,5043;2,9951;2,6438;2,8415;4,396;1,3909;3,9693;5,7359;0,155;3,5574;0,1626;0,5911;3,1456;0,4685;0,4688;0,587;0,9765;2,2477;1,3102;1,0164;0,5626;0,0836;0,2121;0,248;1,1016;0,9595;0,059;2,8881;5,8175;0,329;0,5984;5,4883
2016-05-20;0,1102;3,9358;2,8478;0,5068;3,008;2,6623;2,8503;4,4163;1,3952;3,9724;5,7355;0,1562;3,5667;0,1634;0,5938;3,1601;0,4734;0,4724;0,5898;0,9804;2,2581;1,3242;1,0165;0,5673;0,0842;0,2139;0,25;1,1048;0,9632;0,0592;2,8938;5,8266;0,3305;0,6013;5,5472
2016-05-23;0,1108;3,9513;2,8537;0,5086;3,0089;2,6837;2,8638;4,4293;1,4017;3,9862;5,7449;0,1574;3,6055;0,1639;0,5956;3,1706;0,4736;0,4744;0,5913;0,9811;2,2647;1,3251;1,0191;0,5716;0,0845;0,2152;0,2535;1,1239;0,9677;0,059;2,9088;5,8643;0,3336;0,603;5,5503
2016-05-24;0,1113;3,9789;2,8503;0,5122;3,0214;2,6776;2,8771;4,4482;1,4047;4,0105;5,7821;0,1583;3,6315;0,1646;0,5982;3,1875;0,4741;0,4757;0,5934;0,9848;2,2744;1,3364;1,0287;0,5732;0,0848;0,2152;0,2531;1,1149;0,9651;0,0595;2,9066;5,8769;0,3337;0,6068;5,5735
2016-05-25;0,1112;3,9684;2,8551;0,511;3,0258;2,6792;2,8755;4,4238;1,4058;4;5,8139;0,1582;3,6004;0,1637;0,5949;3,1678;0,4763;0,4776;0,5904;0,9818;2,2618;1,3468;1,0289;0,571;0,0848;0,2152;0,2534;1,1119;0,967;0,0603;2,9065;5,8866;0,3355;0,6047;5,5673
2016-05-27;0,1105;3,9393;2,8442;0,5076;3,022;2,6514;2,8656;4,4063;1,4033;3,9795;5,7738;0,1568;3,593;0,163;0,5925;3,1575;0,4747;0,475;0,5879;0,9772;2,2529;1,338;1,025;0,5735;0,0845;0,213;0,2538;1,1002;0,9667;0,0597;2,9015;5,8896;0,3342;0,6008;5,5473
2016-05-30;0,1104;3,947;2,8344;0,5081;3,0214;2,6426;2,8576;4,3945;1,3987;3,9757;5,761;0,1569;3,5515;0,1626;0,5909;3,1524;0,4719;0,474;0,5873;0,9757;2,2468;1,3334;1,0253;0,5735;0,0844;0,2134;0,2501;1,0928;0,9588;0,0597;2,8923;5,8672;0,3313;0,5997;5,5318
2016-05-31;0,1102;3,9369;2,8475;0,5067;3,0117;2,6446;2,8512;4,382;1,3946;3,9701;5,7469;0,1567;3,5473;0,1621;0,5892;3,148;0,4702;0,4723;0,586;0,9717;2,2405;1,3313;1,0229;0,5715;0,0842;0,2131;0,2485;1,1037;0,9527;0,0596;2,8812;5,8548;0,3305;0,5978;5,5161
2016-06-01;0,1104;3,935;2,8551;0,5065;3,006;2,674;2,8547;4,3895;1,3994;3,9658;5,6903;0,1569;3,5812;0,1624;0,5902;3,1568;0,4714;0,4733;0,5849;0,972;2,2444;1,3322;1,0226;0,5682;0,0844;0,2128;0,251;1,0999;0,9482;0,0589;2,8807;5,8355;0,33;0,5978;5,5208
2016-06-02;0,1101;3,9204;2,832;0,5045;2,997;2,6689;2,8498;4,3944;1,4014;3,9731;5,6614;0,1566;3,5962;0,1626;0,5908;3,1603;0,4711;0,4726;0,5862;0,972;2,2469;1,3345;1,0177;0,5666;0,0842;0,2116;0,2518;1,0928;0,9448;0,0587;2,8728;5,8281;0,3301;0,5957;5,5168
2016-06-03;0,1107;3,9384;2,8545;0,5069;3,0094;2,6933;2,8626;4,3913;1,4049;3,9746;5,6867;0,1579;3,6178;0,1625;0,5904;3,1524;0,4726;0,4737;0,5859;0,9725;2,2453;1,3349;1,0178;0,5709;0,0848;0,2109;0,2527;1,1008;0,9504;0,0588;2,8979;5,8504;0,3323;0,5981;5,5145
2016-06-06;0,1094;3,8602;2,8404;0,4968;2,9796;2,6705;2,8394;4,3835;1,4063;3,9598;5,5713;0,1545;3,6013;0,1623;0,5893;3,1434;0,4723;0,4745;0,584;0,9703;2,2412;1,3251;1,0071;0,5657;0,0835;0,2074;0,2555;1,0953;0,9413;0,0587;2,8851;5,7678;0,3314;0,588;5,5107
2016-06-07;0,1087;3,8298;2,849;0,4931;2,9985;2,6602;2,8307;4,3533;1,3987;3,9639;5,5923;0,1534;3,5549;0,161;0,5853;3,1229;0,471;0,4718;0,58;0,9648;2,2258;1,3216;1,0049;0,5628;0,0831;0,2058;0,2578;1,0981;0,9452;0,0589;2,8867;5,7401;0,3312;0,5827;5,4166
2016-06-08;0,1083;3,815;2,8391;0,4913;2,9985;2,666;2,82;4,3377;1,3967;3,9554;5,5448;0,1529;3,5626;0,1605;0,5833;3,1139;0,4705;0,4697;0,5762;0,9626;2,2178;1,3168;0,9942;0,5604;0,0829;0,208;0,2554;1,1092;0,9389;0,059;2,8758;5,7203;0,3296;0,5805;5,4078
2016-06-09;0,1084;3,8126;2,8385;0,4913;2,9994;2,7171;2,8224;4,3334;1,3902;3,9703;5,5174;0,1523;3,5803;0,1604;0,5827;3,1108;0,468;0,4677;0,5751;0,9608;2,2157;1,3167;0,9919;0,5658;0,0828;0,2095;0,257;1,1352;0,9426;0,0595;2,8748;5,7158;0,3296;0,581;5,3924
2016-06-10;0,1093;3,8545;2,8498;0,4966;3,0228;2,7331;2,8419;4,3558;1,3983;3,9941;5,5662;0,1541;3,6025;0,1612;0,5858;3,1337;0,4706;0,4692;0,5782;0,9656;2,2271;1,3231;1,0015;0,5695;0,0836;0,2097;0,2577;1,1336;0,9461;0,0595;2,8991;5,7677;0,3303;0,5874;5,4297
2016-06-13;0,1106;3,8943;2,8824;0,5017;3,0474;2,749;2,8692;4,39;1,4055;4,036;5,5109;0,156;3,6746;0,1624;0,5904;3,1594;0,4718;0,4711;0,5821;0,9722;2,2445;1,3309;1,0069;0,5698;0,0845;0,2081;0,2565;1,1394;0,9523;0,0594;2,933;5,8011;0,3318;0,5913;5,4813
2016-06-14;0,112;3,9483;2,9017;0,5088;3,0748;2,771;2,9121;4,4363;1,4135;4,092;5,582;0,1585;3,7328;0,164;0,5967;3,1939;0,4733;0,4755;0,5893;0,9809;2,2682;1,3448;1,0212;0,5765;0,0852;0,2082;0,2577;1,1356;0,9615;0,0597;2,9541;5,8689;0,3346;0,5991;5,5435
2016-06-15;0,1115;3,9351;2,9078;0,5071;3,0622;2,7646;2,9048;4,4155;1,407;4,075;5,5864;0,1581;3,7018;0,1631;0,5938;3,1823;0,4715;0,4733;0,5866;0,9755;2,2576;1,3437;1,0154;0,5706;0,0849;0,2084;0,2576;1,1313;0,9603;0,0597;2,9432;5,8666;0,3352;0,5977;5,5312
2016-06-16;0,112;3,9469;2,9045;0,5087;3,0415;2,7795;2,9211;4,4445;1,4114;4,1058;5,592;0,1586;3,7888;0,1642;0,5977;3,2044;0,4724;0,4731;0,5904;0,9791;2,2724;1,3472;1,0203;0,5743;0,085;0,2087;0,2576;1,1362;0,9629;0,0599;2,9523;5,8689;0,336;0,5994;5,5654
2016-06-17;0,1118;3,9412;2,912;0,5079;3,0489;2,7797;2,9189;4,4363;1,4104;4,0942;5,6352;0,1582;3,779;0,1639;0,5966;3,195;0,47;0,4728;0,5901;0,9785;2,2682;1,3447;1,0183;0,5726;0,0848;0,2086;0,2587;1,1371;0,961;0,0602;2,9547;5,8642;0,3361;0,598;5,5869
2016-06-20;0,1101;3,8724;2,8914;0,4991;3,0222;2,7598;2,8851;4,3945;1,4066;4,0355;5,6736;0,1556;3,7041;0,1624;0,591;3,1649;0,4678;0,4697;0,5846;0,9673;2,2468;1,3361;1,0031;0,5658;0,0837;0,208;0,2601;1,1338;0,9533;0,0604;2,9195;5,7497;0,3339;0,5885;5,5085
2016-06-21;0,1102;3,8741;2,9067;0,4994;3,0337;2,7713;2,8919;4,3935;1,4023;4,038;5,72;0,1557;3,7101;0,1623;0,5908;3,1653;0,4696;0,4717;0,5845;0,9691;2,2464;1,3372;1,0029;0,5718;0,0836;0,2085;0,2642;1,1432;0,9613;0,0604;2,9224;5,7383;0,3366;0,5893;5,4949
2016-06-22;0,1105;3,8945;2,9161;0,502;3,0454;2,7847;2,9018;4,39;1,3948;4,0597;5,708;0,1565;3,7289;0,1622;0,5902;3,1662;0,4691;0,4704;0,584;0,9681;2,2445;1,3382;1,0087;0,5764;0,0836;0,2081;0,2645;1,1405;0,9648;0,0609;2,9319;5,7634;0,3374;0,5918;5,5039
2016-06-23;0,1097;3,8593;2,9149;0,4975;3,022;2,7807;2,8867;4,3806;1,3922;4,0383;5,7028;0,155;3,6917;0,1618;0,5888;3,1663;0,4693;0,4699;0,5827;0,9689;2,2397;1,3351;1,005;0,5727;0,083;0,2106;0,2663;1,1427;0,9616;0,0601;2,9108;5,7293;0,3354;0,5865;5,4986
2016-06-24;0,1132;3,9994;2,9563;0,5154;3,0744;2,8207;2,9522;4,4526;1,4033;4,1028;5,5644;0,1609;3,8831;0,1644;0,5987;3,2195;0,4729;0,4719;0,5914;0,9802;2,2766;1,3667;1,0298;0,5977;0,0854;0,2105;0,2668;1,1992;0,9768;0,0612;2,9916;5,8967;0,3412;0,6044;5,5588
2016-06-27;0,114;4,0263;2,9913;0,5189;3,0926;2,8486;2,9684;4,4485;1,4019;4,1358;5,3638;0,1617;3,9465;0,1642;0,5981;3,2212;0,4735;0,4734;0,5912;0,9852;2,2745;1,3705;1,0325;0,5926;0,0854;0,2126;0,2657;1,1947;0,9823;0,0621;3,0174;5,9242;0,341;0,6061;5,6202
2016-06-28;0,1133;4,003;2,961;0,5159;3,0827;2,8286;2,9532;4,4244;1,3947;4,0814;5,3226;0,1608;3,9196;0,1631;0,5948;3,2049;0,472;0,4695;0,5889;0,9784;2,2621;1,3696;1,0326;0,5878;0,0851;0,2107;0,262;1,1799;0,982;0,0617;3,0375;5,8917;0,3412;0,6018;5,5985
2016-06-29;0,1133;3,9905;2,9633;0,5142;3,0719;2,8279;2,9583;4,414;1,3919;4,0712;5,3441;0,1605;3,8904;0,1629;0,5935;3,2067;0,4714;0,4684;0,5867;0,9765;2,2569;1,3789;1,0332;0,5988;0,0849;0,2136;0,2663;1,2086;0,9888;0,0621;3,0319;5,8959;0,3447;0,6002;5,5624
2016-06-30;0,1132;3,9803;2,9615;0,5129;3,0733;2,8295;2,9498;4,4255;1,3996;4,0677;5,3655;0,1603;3,8688;0,1636;0,5949;3,2256;0,4749;0,4696;0,5878;0,9795;2,2627;1,3791;1,0346;0,6014;0,0843;0,215;0,2698;1,2263;0,9885;0,062;3,0117;5,8936;0,3445;0,5988;5,5703
2016-07-01;0,1127;3,9548;2,9607;0,5098;3,0574;2,8354;2,9413;4,3921;1,3878;4,0547;5,2616;0,1593;3,8561;0,1622;0,5905;3,2106;0,4721;0,467;0,5833;0,9731;2,2456;1,3685;1,0269;0,5974;0,0842;0,2161;0,2691;1,2309;0,9896;0,0616;3,0094;5,8671;0,3448;0,5947;5,534
2016-07-04;0,1137;3,9886;2,9932;0,5141;3,0944;2,8648;2,9642;4,4304;1,3987;4,0884;5,2847;0,1607;3,8836;0,1636;0,5954;3,2457;0,478;0,4712;0,5897;0,9803;2,2652;1,3738;1,0338;0,6035;0,0851;0,2166;0,274;1,2334;0,998;0,0624;3,0379;5,9337;0,347;0,5983;5,5543
2016-07-05;0,1136;3,9963;2,9922;0,5152;3,097;2,8741;2,9575;4,4501;1,4034;4,1165;5,2465;0,1545;3,9286;0,1644;0,5981;3,2601;0,4789;0,4726;0,5933;0,9855;2,2753;1,3676;1,0342;0,6083;0,0849;0,2129;0,2703;1,2197;0,9928;0,0622;3,0445;5,9157;0,3453;0,5992;5,579
2016-07-06;0,1142;4,0225;2,9963;0,5185;3,0941;2,8567;2,9701;4,4469;1,404;4,1042;5,2038;0,162;3,9931;0,1645;0,5977;3,2602;0,4757;0,4698;0,5929;0,9838;2,2736;1,3658;1,0316;0,6072;0,0854;0,213;0,2707;1,2177;0,9931;0,0622;3,0638;5,9554;0,3454;0,6011;5,573
2016-07-07;0,1138;4,0036;3,0175;0,5162;3,0989;2,8921;2,9728;4,438;1,4024;4,0984;5,1995;0,1614;3,9644;0,1642;0,5964;3,2561;0,474;0,4683;0,5928;0,9821;2,2691;1,3668;1,031;0,6047;0,0852;0,2152;0,2739;1,203;0,9981;0,0626;3,0506;5,9511;0,3473;0,5993;5,5845
2016-07-08;0,1135;4,0001;3,0003;0,5156;3,0733;2,9022;2,9664;4,4295;1,4066;4,0857;5,1734;0,1611;3,9757;0,1639;0,5953;3,2534;0,4704;0,4671;0,5918;0,9808;2,2647;1,3678;1,0305;0,6023;0,0848;0,2126;0,2717;1,1886;0,9914;0,0623;3,047;5,9381;0,3453;0,5982;5,5695
2016-07-11;0,114;4,006;3,0197;0,5164;3,0588;2,8974;2,968;4,417;1,4076;4,0657;5,1504;0,1612;3,9222;0,1634;0,5938;3,2526;0,4703;0,466;0,5909;0,9826;2,2584;1,3807;1,0319;0,6072;0,0847;0,2154;0,2742;1,2151;1,0031;0,0624;3,0568;5,9661;0,3487;0,5988;5,5565
2016-07-12;0,1133;3,9807;3,0362;0,513;3,0505;2,9056;2,9525;4,4224;1,4116;4,0582;5,2339;0,1603;3,8496;0,1635;0,5946;3,253;0,4717;0,4675;0,5914;0,9849;2,2611;1,3774;1,0279;0,6017;0,084;0,2172;0,2776;1,2027;1,0008;0,0623;3,0337;5,9301;0,3468;0,5955;5,562
2016-07-13;0,1131;3,9809;3,0271;0,5131;3,0475;2,8979;2,953;4,4016;1,4027;4,0324;5,2771;0,1604;3,8149;0,1628;0,5918;3,2448;0,4717;0,4654;0,5875;0,9805;2,2505;1,3725;1,0275;0,603;0,0843;0,2166;0,2765;1,2072;1,0035;0,0623;3,0395;5,9309;0,3472;0,5948;5,5236
2016-07-14;0,1131;3,9681;3,03;0,5116;3,0685;2,8644;2,9465;4,407;1,405;4,045;5,2455;0,1601;3,7553;0,1631;0,5925;3,2512;0,4724;0,4675;0,5872;0,9817;2,2532;1,3708;1,0292;0,6028;0,0844;0,2172;0,2765;1,2147;1,0057;0,0625;3,0312;5,9358;0,3489;0,5933;5,5403
2016-07-15;0,1134;3,9598;3,0313;0,5108;3,0722;2,8479;2,9459;4,4121;1,402;4,0432;5,3142;0,1597;3,7394;0,1632;0,5932;3,2634;0,4728;0,4664;0,5884;0,9837;2,2559;1,3741;1,0298;0,6079;0,0847;0,2157;0,277;1,2186;1,0035;0,0627;3,0256;5,9076;0,3494;0,5928;5,5017
2016-07-18;0,1138;3,9853;3,0307;0,5138;3,0809;2,8367;2,9563;4,4032;1,397;4,0499;5,2882;0,1603;3,7703;0,1629;0,592;3,2604;0,4714;0,4654;0,5877;0,9844;2,2513;1,3498;1,0322;0,6082;0,0853;0,2157;0,278;1,2134;1,0027;0,0631;3,0443;5,9386;0,3505;0,5948;5,5156
2016-07-19;0,1131;3,9582;2,9699;0,5105;3,0439;2,7824;2,9289;4,3811;1,3914;4,028;5,2227;0,1596;3,7315;0,162;0,589;3,2477;0,4681;0,4626;0,5847;0,9803;2,2401;1,3313;1,0264;0,6105;0,0844;0,2143;0,2768;1,2166;0,9901;0,0628;3,0245;5,8969;0,3476;0,5917;5,5049
2016-07-20;0,1135;3,979;2,9775;0,5131;3,0491;2,8044;2,9291;4,3776;1,3917;4,0283;5,2332;0,1604;3,7375;0,1621;0,5885;3,2475;0,4675;0,462;0,5848;0,9786;2,2382;1,3162;1,03;0,6099;0,0844;0,2152;0,2788;1,2234;0,9867;0,0628;3,0344;5,9217;0,3485;0,5958;5,5062
2016-07-21;0,1134;3,9685;2,9754;0,5116;3,0391;2,7735;2,9285;4,3706;1,3897;4,018;5,2374;0,1599;3,7421;0,1617;0,5876;3,2423;0,4663;0,4613;0,584;0,9776;2,2346;1,2889;1,0296;0,6083;0,0842;0,2129;0,2775;1,2179;0,9809;0,0622;3,029;5,9058;0,3492;0,5942;5,4985
2016-07-22;0,1131;3,9504;2,9535;0,5093;3,009;2,7617;2,9137;4,3564;1,3887;4,0072;5,2066;0,1592;3,718;0,1612;0,5856;3,2318;0,4649;0,4599;0,5822;0,9767;2,2274;1,2902;1,0289;0,6065;0,0839;0,2125;0,2777;1,2075;0,9729;0,0612;3,0133;5,8878;0,3473;0,592;5,4821
2016-07-25;0,1132;3,9697;2,972;0,5118;3,0167;2,771;2,9165;4,36;1,3944;4,0275;5,2222;0,1601;3,7322;0,1613;0,5861;3,2465;0,4638;0,459;0,583;0,9803;2,2292;1,3103;1,0326;0,6103;0,0842;0,2136;0,2775;1,2183;0,9736;0,0612;3,0209;5,9011;0,3488;0,5943;5,4845
2016-07-26;0,1134;3,9682;2,9865;0,5115;3,0024;2,8042;2,9246;4,3694;1,3959;4,0299;5,2066;0,1601;3,8048;0,1616;0,5874;3,2607;0,4622;0,4597;0,5838;0,9797;2,234;1,308;1,0323;0,6018;0,0841;0,2115;0,2757;1,207;0,9754;0,0602;3,0132;5,8986;0,349;0,5945;5,5082
2016-07-27;0,1136;3,9739;2,9758;0,5124;3,0106;2,7994;2,9279;4,3695;1,3944;3,9968;5,2074;0,1603;3,7653;0,1617;0,5874;3,2706;0,463;0,4582;0,5837;0,977;2,2341;1,3078;1,0351;0,602;0,0842;0,2117;0,2782;1,2127;0,9739;0,0603;3,0247;5,9139;0,35;0,5959;5,5106
2016-07-28;0,1129;3,9389;2,9697;0,5079;2,9995;2,7963;2,9175;4,3736;1,3975;4,0038;5,1937;0,1588;3,7598;0,1617;0,5879;3,286;0,4635;0,4587;0,5845;0,9803;2,2362;1,3045;1,0308;0,5924;0,0836;0,2095;0,2769;1,2078;0,9715;0,0596;3,0063;5,8749;0,3498;0,5918;5,5118
2016-07-29;0,1129;3,9364;2,9523;0,5074;2,9866;2,7935;2,9124;4,3684;1,3984;4,0256;5,1774;0,1587;3,7925;0,1615;0,5873;3,287;0,4601;0,4561;0,5837;0,9784;2,2335;1,3064;1,0277;0,5919;0,0835;0,2075;0,2779;1,1965;0,9655;0,0587;3,0051;5,8707;0,3505;0,5914;5,4765
2016-08-01;0,1124;3,904;2,959;0,5032;2,988;2,8082;2,9158;4,3576;1,3974;4,0313;5,1502;0,1573;3,8184;0,1612;0,5858;3,2875;0,4618;0,455;0,5821;0,9777;2,228;1,3113;1,0253;0,5955;0,0832;0,2088;0,2826;1,2017;0,9718;0,0589;2,9871;5,8558;0,3537;0,5879;5,4637
2016-08-02;0,1117;3,882;2,9372;0,5003;2,9607;2,8019;2,8943;4,3484;1,3948;4,019;5,1378;0,1564;3,8156;0,1608;0,5846;3,2781;0,4589;0,4538;0,5803;0,976;2,2233;1,2945;1,0192;0,5894;0,0826;0,2048;0,2779;1,1899;0,9573;0,0581;2,9638;5,8188;0,3499;0,5849;5,4411
2016-08-03;0,1104;3,8516;2,9251;0,4964;2,9347;2,7673;2,8718;4,3135;1,386;3,9776;5,1431;0,1552;3,8078;0,1595;0,5799;3,2518;0,4566;0,4529;0,5753;0,9694;2,2054;1,2795;1,0071;0,5873;0,0819;0,2032;0,2744;1,1824;0,9512;0,0578;2,9339;5,754;0,3449;0,5809;5,3923
2016-08-04;0,1105;3,8588;2,9375;0,4976;2,9515;2,7647;2,8727;4,2971;1,3817;3,9628;5,1303;0,1556;3,8022;0,1589;0,5778;3,214;0,4556;0,4511;0,574;0,9646;2,197;1,2789;1,0086;0,5877;0,082;0,2044;0,2799;1,1926;0,9529;0,0581;2,9377;5,7668;0,3463;0,5811;5,3768
2016-08-05;0,1106;3,8542;2,9523;0,497;2,9614;2,7807;2,8744;4,2975;1,3799;3,9592;5,0636;0,1553;3,8176;0,159;0,5778;3,2179;0,4573;0,4524;0,5744;0,9632;2,1973;1,2833;1,0076;0,587;0,0822;0,2041;0,2818;1,2084;0,9569;0,059;2,9357;5,7727;0,3477;0,5801;5,3941
2016-08-08;0,1106;3,8706;2,9534;0,499;2,9412;2,7604;2,8721;4,2912;1,3801;3,9423;5,0491;0,1559;3,7836;0,1588;0,577;3,2216;0,4557;0,451;0,5737;0,9626;2,194;1,2953;1,0091;0,5894;0,0827;0,2075;0,2833;1,2235;0,9594;0,0596;2,9479;5,7989;0,3492;0,581;5,3746
2016-08-09;0,1101;3,8482;2,9481;0,4961;2,9259;2,7467;2,8556;4,2693;1,3752;3,9148;5,0068;0,1551;3,7603;0,158;0,5741;3,2052;0,4546;0,4494;0,571;0,9577;2,1828;1,2918;1,0071;0,5868;0,0821;0,2076;0,2842;1,2137;0,9564;0,0596;2,9302;5,7545;0,3478;0,5776;5,3604
2016-08-10;0,11;3,825;2,9512;0,4931;2,9284;2,7591;2,8504;4,2632;1,3735;3,9064;4,9906;0,1541;3,7707;0,1577;0,5732;3,2102;0,4604;0,4492;0,5699;0,9564;2,1797;1,2915;1,0029;0,5856;0,0819;0,2077;0,2857;1,2156;0,9578;0,0589;2,9165;5,7282;0,3492;0,576;5,3546
2016-08-11;0,1101;3,8297;2,9509;0,4938;2,9312;2,769;2,8498;4,2674;1,3755;3,9242;4,9604;0,1541;3,7801;0,158;0,5737;3,2158;0,4616;0,4529;0,5696;0,9567;2,1819;1,2912;1,0019;0,5872;0,0819;0,2078;0,2875;1,2251;0,9564;0,0589;2,9193;5,7338;0,3484;0,5767;5,331
2016-08-12;0,1097;3,8219;2,9384;0,4926;2,9451;2,7525;2,838;4,2626;1,3745;3,9205;4,9539;0,1523;3,7449;0,1578;0,5729;3,2195;0,4642;0,4521;0,5688;0,9557;2,1795;1,2915;1,0028;0,5948;0,082;0,2094;0,2852;1,2166;0,9497;0,0591;2,9128;5,7166;0,346;0,5751;5,3318
2016-08-16;0,1097;3,7929;2,9245;0,489;2,9441;2,7606;2,8298;4,27;1,3778;3,9295;4,9171;0,1517;3,7821;0,1579;0,5739;3,23;0,4634;0,4508;0,5708;0,9582;2,1832;1,2905;1,0019;0,5836;0,082;0,21;0,2853;1,1903;0,9501;0,0593;2,8962;5,674;0,3467;0,5724;5,3301
2016-08-17;0,1097;3,8075;2,9078;0,491;2,9504;2,7574;2,832;4,2863;1,3808;3,9525;4,9518;0,1517;3,7763;0,1585;0,576;3,2435;0,4621;0,4517;0,5732;0,9585;2,1915;1,2948;1,0037;0,585;0,082;0,2098;0,2832;1,1883;0,9492;0,0594;2,9076;5,6881;0,3426;0,574;5,3208
2016-08-18;0,1094;3,7826;2,9118;0,4878;2,9529;2,7559;2,822;4,2837;1,3795;3,9476;4,979;0,1501;3,7753;0,1585;0,5756;3,2366;0,4632;0,4519;0,5729;0,9576;2,1902;1,293;1,0016;0,5754;0,0817;0,2097;0,2849;1,1801;0,9469;0,0594;2,8838;5,6629;0,3413;0,5706;5,3231
2016-08-19;0,1094;3,7905;2,8836;0,4887;2,9521;2,7521;2,8154;4,2884;1,3809;3,9596;4,9726;0,1501;3,7847;0,1587;0,5762;3,2439;0,462;0,4527;0,5728;0,9598;2,1927;1,288;1,0046;0,5761;0,0816;0,2061;0,2802;1,1695;0,9417;0,0592;2,8799;5,6504;0,3376;0,5697;5,3242
2016-08-22;0,1098;3,809;2,9001;0,4913;2,9517;2,7625;2,8179;4,303;1,387;3,9555;4,9959;0,1505;3,7812;0,1592;0,5782;3,2586;0,4624;0,454;0,5748;0,9647;2,2001;1,2926;1,0096;0,575;0,0817;0,2081;0,28;1,1875;0,9451;0,0593;2,8829;5,6663;0,3385;0,5724;5,3395
2016-08-23;0,11;3,8061;2,9098;0,491;2,947;2,787;2,8205;4,3139;1,3889;3,9619;5,0197;0,1504;3,7998;0,1596;0,5797;3,2681;0,463;0,4555;0,5762;0,9673;2,2057;1,2942;1,0099;0,5692;0,0819;0,2085;0,2822;1,1891;0,945;0,0587;2,8794;5,6725;0,3406;0,5731;5,3549
2016-08-24;0,1103;3,8174;2,9118;0,4923;2,9571;2,7973;2,823;4,3116;1,3915;3,963;5,0463;0,1506;3,8109;0,1595;0,5793;3,2688;0,4663;0,4563;0,5759;0,9664;2,2045;1,2928;1,0123;0,5674;0,0821;0,2064;0,2717;1,1794;0,9463;0,0588;2,8814;5,6874;0,3409;0,574;5,348
2016-08-25;0,1105;3,819;2,9111;0,4925;2,9566;2,7926;2,8225;4,3095;1,3916;3,9575;5,0463;0,1506;3,8056;0,1595;0,579;3,2685;0,4654;0,4542;0,5752;0,967;2,2034;1,2986;1,0136;0,5687;0,0824;0,2067;0,2714;1,1838;0,9485;0,0587;2,8842;5,6955;0,3422;0,5738;5,3729
2016-08-26;0,1109;3,8328;2,9247;0,4942;2,9699;2,806;2,8328;4,327;1,3989;3,9695;5,0641;0,1506;3,816;0,1601;0,5811;3,2855;0,4662;0,4558;0,5777;0,971;2,2123;1,3071;1,0197;0,5784;0,0827;0,2085;0,2714;1,1859;0,9537;0,0592;2,9026;5,7186;0,3437;0,5748;5,3833
2016-08-29;0,1121;3,8789;2,93;0,5001;2,9829;2,8106;2,8502;4,3395;1,4031;3,9686;5,0838;0,1521;3,7959;0,1606;0,5829;3,3025;0,4674;0,4568;0,5798;0,9727;2,2187;1,3116;1,0247;0,5769;0,0835;0,2087;0,2689;1,1887;0,9589;0,0596;2,9245;5,7756;0,3458;0,5808;5,3985
2016-08-30;0,1124;3,8858;2,9336;0,5009;2,9786;2,8117;2,852;4,3395;1,4044;3,9654;5,0781;0,1513;3,7982;0,1605;0,5829;3,3101;0,4672;0,4571;0,58;0,9755;2,2187;1,3136;1,0265;0,5781;0,0837;0,2083;0,2687;1,204;0,9585;0,0599;2,9266;5,7933;0,3476;0,5817;5,4262
2016-08-31;0,1129;3,9082;2,9396;0,5039;2,9848;2,8342;2,8674;4,3555;1,4056;3,9745;5,1392;0,1495;3,7895;0,1611;0,5851;3,3337;0,4697;0,458;0,5824;0,9774;2,2269;1,3231;1,0315;0,5799;0,0839;0,2082;0,2709;1,2073;0,9611;0,0599;2,9465;5,8369;0,3509;0,585;5,4438
2016-09-01;0,1129;3,9116;2,9473;0,5042;2,9837;2,8441;2,8675;4,3607;1,4061;3,9663;5,1839;0,1468;3,7783;0,1613;0,586;3,357;0,4679;0,4562;0,5829;0,9788;2,2296;1,323;1,0354;0,5746;0,0837;0,2083;0,2674;1,2131;0,9584;0,0599;2,9477;5,8419;0,3487;0,5855;5,462
2016-09-02;0,1131;3,9164;2,9537;0,505;2,9881;2,8531;2,8795;4,3796;1,4115;3,9949;5,1959;0,147;3,7791;0,1621;0,5886;3,378;0,4696;0,4561;0,5856;0,9835;2,2392;1,3224;1,0387;0,5754;0,0839;0,2082;0,2678;1,2065;0,9577;0,0595;2,9564;5,8582;0,3502;0,5861;5,483
2016-09-05;0,1121;3,8937;2,9577;0,502;3,0153;2,8527;2,869;4,348;1,4064;3,9786;5,2047;0,1455;3,7661;0,1608;0,5844;3,3601;0,4709;0,4544;0,5805;0,9778;2,2231;1,3212;1,0339;0,5796;0,0837;0,2108;0,2704;1,1957;0,9563;0,0602;2,96;5,8594;0,3523;0,5831;5,4271
2016-09-06;0,112;3,8869;2,9699;0,5012;3,0137;2,8532;2,8643;4,3396;1,4007;3,9658;5,1856;0,1448;3,759;0,1605;0,5833;3,3536;0,4707;0,4556;0,579;0,9751;2,2188;1,3209;1,0333;0,578;0,0834;0,21;0,2734;1,1937;0,952;0,0599;2,9613;5,8446;0,3512;0,582;5,4166
2016-09-07;0,1112;3,8515;2,9508;0,4966;2,9975;2,8694;2,8575;4,3289;1,3993;3,9727;5,1571;0,1443;3,7896;0,1602;0,5816;3,3454;0,4711;0,4547;0,5782;0,9725;2,2134;1,3124;1,0209;0,5809;0,0825;0,2099;0,2742;1,2052;0,9468;0,0598;2,9435;5,8016;0,3532;0,578;5,4212
2016-09-08;0,1104;3,8255;2,9554;0,4932;2,9761;2,8614;2,842;4,3122;1,3977;3,9502;5,1123;0,1437;3,7671;0,1596;0,5793;3,3376;0,4698;0,4539;0,5762;0,969;2,2048;1,3024;1,0193;0,5769;0,0817;0,2088;0,2742;1,1981;0,9476;0,0598;2,9284;5,7554;0,3507;0,5739;5,3856
2016-09-09;0,1104;3,8385;2,9222;0,4949;2,9655;2,8306;2,8344;4,3264;1,4014;3,9444;5,1052;0,1439;3,7572;0,16;0,5813;3,3499;0,4683;0,4547;0,578;0,9721;2,212;1,2992;1,0227;0,578;0,0813;0,2054;0,2697;1,1935;0,9426;0,0598;2,9304;5,7589;0,3487;0,5747;5,3816
2016-09-12;0,1106;3,8668;2,9058;0,4985;2,9515;2,8238;2,8386;4,346;1,3995;3,9695;5,1326;0,1453;3,7869;0,1608;0,5839;3,3703;0,4683;0,4542;0,5812;0,9761;2,2221;1,2958;1,0256;0,5761;0,0813;0,203;0,2662;1,1822;0,9351;0,0594;2,9519;5,7954;0,3465;0,5788;5,4077
2016-09-13;0,1111;3,8734;2,917;0,4994;2,9594;2,8425;2,8492;4,352;1,4039;3,9844;5,1524;0,1475;3,8065;0,161;0,5846;3,3776;0,4714;0,4568;0,5812;0,9781;2,2251;1,3038;1,0272;0,58;0,0814;0,2046;0,2718;1,1923;0,9427;0,0598;2,9418;5,7973;0,3461;0,5798;5,4293
2016-09-14;0,1109;3,8716;2,8954;0,499;2,9454;2,8176;2,8358;4,3455;1,4028;3,9578;5,1157;0,1474;3,761;0,1607;0,5837;3,3712;0,4692;0,4555;0,5801;0,977;2,2218;1,2993;1,022;0,5722;0,0816;0,2037;0,2704;1,1671;0,9388;0,0596;2,9322;5,7878;0,3445;0,5801;5,4123
2016-09-15;0,1105;3,8587;2,884;0,4974;2,922;2,8032;2,8216;4,3356;1,3973;3,9575;5,0977;0,1472;3,7689;0,1604;0,5824;3,3622;0,4672;0,4538;0,5772;0,9747;2,2167;1,2948;1,0189;0,5721;0,0808;0,1996;0,2696;1,1543;0,9308;0,0593;2,9294;5,7604;0,3412;0,5781;5,4077
2016-09-16;0,1105;3,8497;2,8896;0,4961;2,9257;2,8144;2,8232;4,3244;1,3968;3,9548;5,0845;0,1489;3,7738;0,16;0,5807;3,3588;0,467;0,4527;0,5758;0,9713;2,211;1,2967;1,0238;0,5728;0,0804;0,1994;0,2725;1,1656;0,9318;0,0592;2,9258;5,7574;0,3429;0,5774;5,3808
2016-09-19;0,1107;3,8586;2,9103;0,4973;2,9339;2,8196;2,8283;4,3071;1,3996;3,935;5,0334;0,1498;3,7881;0,1593;0,5782;3,3492;0,4659;0,4505;0,5732;0,9684;2,2022;1,2966;1,0222;0,5716;0,0805;0,1969;0,2741;1,1818;0,9309;0,0594;2,9325;5,7512;0,3447;0,5782;5,3709
2016-09-20;0,1105;3,8438;2,9034;0,4957;2,9099;2,8232;2,8218;4,3019;1,3935;3,935;5,0028;0,1488;3,7786;0,1592;0,5774;3,3426;0,4644;0,4494;0,5723;0,9657;2,1995;1,2903;1,0188;0,5695;0,0804;0,1954;0,2764;1,1752;0,9283;0,0594;2,9233;5,7347;0,3431;0,5764;5,378
2016-09-21;0,111;3,8601;2,9301;0,4977;2,9322;2,8255;2,836;4,3034;1,3947;3,951;5,0074;0,1488;3,7895;0,1593;0,5773;3,3503;0,4658;0,4486;0,5732;0,9668;2,2003;1,2974;1,0216;0,5749;0,0806;0,1953;0,281;1,1849;0,9328;0,0599;2,9385;5,7586;0,3457;0,5786;5,37
2016-09-22;0,11;3,8128;2,9222;0,4916;2,9259;2,7957;2,8161;4,2856;1,3948;3,933;4,9896;0,1472;3,784;0,1585;0,5749;3,3364;0,4694;0,4479;0,5709;0,9627;2,1912;1,294;1,0149;0,5757;0,0798;0,1941;0,2839;1,1871;0,9279;0,0597;2,9134;5,713;0,3455;0,5726;5,3619
2016-09-23;0,1105;3,8328;2,9201;0,4942;2,9297;2,7799;2,8193;4,2939;1,402;3,9495;4,9842;0,1475;3,7959;0,1589;0,576;3,3416;0,4711;0,4482;0,5724;0,9654;2,1954;1,2982;1,0188;0,5811;0,0798;0,1942;0,2821;1,191;0,9295;0,06;2,9311;5,7501;0,3472;0,5746;5,3503
2016-09-26;0,1107;3,8324;2,9163;0,4942;2,9049;2,7711;2,8142;4,3075;1,4053;3,9596;4,956;0,1479;3,8081;0,1594;0,5779;3,3508;0,4714;0,4489;0,5741;0,968;2,2024;1,2843;1,0172;0,5797;0,0794;0,1936;0,2802;1,1811;0,926;0,0598;2,941;5,7445;0,3457;0,5747;5,3735
2016-09-27;0,1105;3,8227;2,932;0,493;2,8909;2,7959;2,8105;4,2972;1,4006;3,9418;4,9573;0,1482;3,8018;0,159;0,5768;3,3454;0,4724;0,4468;0,5727;0,966;2,1971;1,2857;1,0194;0,5769;0,0791;0,1953;0,2821;1,1785;0,9254;0,0599;2,9508;5,748;0,3482;0,5733;5,3405
2016-09-28;0,1105;3,8264;2,9351;0,4935;2,8931;2,7765;2,8096;4,2918;1,3943;3,9398;4,9717;0,1482;3,7981;0,1589;0,5759;3,3464;0,4717;0,4459;0,571;0,9649;2,1944;1,2854;1,0186;0,5776;0,0793;0,1969;0,2842;1,1829;0,9249;0,0598;2,9557;5,7558;0,3485;0,5736;5,356
2016-09-29;0,1107;3,8354;2,9414;0,4946;2,9284;2,7907;2,8136;4,3014;1,3969;3,9479;4,9837;0,1481;3,7798;0,1591;0,5772;3,3552;0,4763;0,4474;0,5722;0,9664;2,1993;1,2785;1,0223;0,582;0,0794;0,1974;0,2798;1,1927;0,9309;0,0607;2,9561;5,7333;0,3487;0,5747;5,3613
2016-09-30;0,1112;3,8558;2,9339;0,4973;2,929;2,7986;2,8244;4,312;1,3947;3,9802;4,9962;0,1488;3,8171;0,1596;0,5786;3,3674;0,4796;0,4487;0,5741;0,9675;2,2047;1,2822;1,0254;0,5843;0,0795;0,1965;0,275;1,1822;0,932;0,0609;2,9533;5,7856;0,3501;0,5777;5,3734
2016-10-03;0,1104;3,8252;2,9341;0,4933;2,9195;2,7873;2,8025;4,2976;1,3935;3,9364;4,9262;0,1476;3,7716;0,159;0,5771;3,3601;0,4804;0,4478;0,5721;0,966;2,1973;1,2726;1,0199;0,582;0,0794;0,1988;0,2803;1,1728;0,93;0,0613;2,9467;5,7539;0,3475;0,5733;5,3747
2016-10-04;0,1109;3,8472;2,9485;0,4961;2,9239;2,8016;2,8111;4,2984;1,3963;3,9303;4,9139;0,149;3,7587;0,1591;0,5776;3,366;0,4813;0,448;0,5728;0,9645;2,1977;1,2708;1,0221;0,5827;0,0797;0,1987;0,2832;1,1988;0,9324;0,0616;2,9639;5,7871;0,3474;0,5766;5,3757
2016-10-05;0,1101;3,8307;2,9179;0,4939;2,9033;2,7531;2,7955;4,3014;1,4039;3,9212;4,8783;0,1479;3,724;0,1592;0,578;3,367;0,478;0,4477;0,573;0,9636;2,1993;1,2539;1,0153;0,5776;0,0794;0,1982;0,2786;1,1758;0,9255;0,0613;2,9477;5,7513;0,3445;0,5741;5,3794
2016-10-06;0,1102;3,8405;2,9152;0,495;2,9119;2,7529;2,8002;4,2974;1,4086;3,9337;4,8873;0,1484;3,705;0,159;0,5775;3,3679;0,4778;0,4467;0,572;0,9607;2,1972;1,2584;1,0167;0,5787;0,0795;0,1997;0,2792;1,1927;0,9274;0,0616;2,9568;5,766;0,3452;0,5756;5,3744
2016-10-07;0,1103;3,8505;2,9169;0,4962;2,9051;2,7451;2,8007;4,2853;1,4084;3,9234;4,7872;0,1491;3,708;0,1586;0,576;3,3623;0,4766;0,4455;0,5715;0,9536;2,191;1,2602;1,0153;0,5777;0,0798;0,1993;0,2764;1,1926;0,9265;0,0618;2,9653;5,7687;0,3451;0,5771;5,3593
2016-10-10;0,1092;3,8307;2,9087;0,4938;2,8889;2,7378;2,7886;4,2835;1,4074;3,9131;4,7576;0,1482;3,7153;0,1585;0,5757;3,3636;0,4715;0,4427;0,5705;0,9483;2,1902;1,2521;1,0117;0,5722;0,0793;0,2023;0,2786;1,1892;0,9239;0,0614;2,9519;5,7516;0,3453;0,5715;5,357
2016-10-11;0,1089;3,8487;2,9024;0,496;2,9091;2,7191;2,7895;4,2767;1,4053;3,9023;4,7275;0,1489;3,7041;0,1583;0,5747;3,3635;0,4728;0,4404;0,5698;0,9525;2,1866;1,2466;1,0136;0,5748;0,0791;0,2026;0,2702;1,2009;0,9216;0,0617;2,958;5,7614;0,3433;0,573;5,3485
2016-10-12;0,1086;3,8851;2,9448;0,5008;2,9351;2,7479;2,8103;4,2825;1,4032;3,924;4,7618;0,1504;3,7503;0,1584;0,5756;3,38;0,4744;0,4399;0,5703;0,9526;2,1896;1,261;1,0185;0,5821;0,0798;0,2057;0,2694;1,2147;0,924;0,0621;2,9839;5,8115;0,3455;0,5786;5,3558
2016-10-13;0,1096;3,9164;2,9447;0,5048;2,9477;2,7582;2,8257;4,3065;1,4055;3,9576;4,7651;0,1518;3,7629;0,1594;0,5789;3,407;0,4753;0,4423;0,5732;0,9564;2,2019;1,2622;1,0259;0,5879;0,0809;0,2058;0,2725;1,2233;0,9285;0,0619;2,9949;5,8484;0,3443;0,5819;5,3933
2016-10-14;0,1104;3,8965;2,9689;0,5023;2,9545;2,7687;2,8088;4,2955;1,4059;3,9457;4,7603;0,1511;3,7403;0,1589;0,5774;3,4037;0,4763;0,4424;0,5721;0,9543;2,1962;1,2604;1,0212;0,5806;0,0805;0,2059;0,2734;1,2258;0,9291;0,0619;2,9876;5,8375;0,3446;0,5795;5,3796
2016-10-17;0,1113;3,9265;2,9851;0,506;2,9819;2,7961;2,8239;4,3142;1,4072;3,9709;4,7803;0,1523;3,7697;0,1596;0,5799;3,4267;0,4773;0,4455;0,5748;0,9561;2,2058;1,2659;1,0267;0,5856;0,0808;0,2066;0,2739;1,2259;0,9317;0,0622;3,0045;5,8757;0,3443;0,5828;5,403
2016-10-18;0,1118;3,9148;3,0053;0,5046;2,9957;2,8171;2,8239;4,3137;1,4064;3,9613;4,7946;0,1526;3,7645;0,1596;0,5798;3,4277;0,4806;0,4449;0,575;0,9566;2,2055;1,2658;1,0265;0,5842;0,0813;0,2088;0,279;1,2219;0,934;0,0623;3,0041;5,875;0,3476;0,581;5,4024
2016-10-19;0,1126;3,9285;3,0181;0,5064;3,0006;2,8331;2,8335;4,3204;1,4098;3,973;4,8397;0,1531;3,7973;0,1599;0,5806;3,4425;0,4819;0,4459;0,5755;0,9606;2,209;1,2773;1,0272;0,5878;0,0819;0,2113;0,2823;1,2323;0,938;0,0629;3,0201;5,8925;0,35;0,5832;5,4209
2016-10-20;0,1125;3,9359;3,0182;0,5074;2,9887;2,8435;2,8329;4,3189;1,4063;3,9785;4,8296;0,153;3,797;0,1598;0,5804;3,4455;0,4827;0,4457;0,5752;0,9586;2,2083;1,2804;1,0273;0,5916;0,0819;0,2121;0,2827;1,242;0,9405;0,063;3,026;5,8965;0,349;0,5841;5,419
2016-10-21;0,1133;3,98;3,0361;0,5129;3,0024;2,8497;2,8544;4,33;1,4065;4,0002;4,8665;0,1551;3,8342;0,1602;0,582;3,4585;0,4826;0,4468;0,5768;0,9614;2,2139;1,2922;1,0342;0,597;0,0824;0,2133;0,2832;1,2682;0,9513;0,0637;3,0515;5,9478;0,3498;0,5884;5,4329
2016-10-24;0,1134;3,969;3,03;0,5116;2,9752;2,8448;2,8519;4,3225;1,4027;3,9933;4,857;0,1547;3,8191;0,1599;0,5811;3,4594;0,4817;0,4456;0,5758;0,959;2,21;1,2906;1,028;0,5953;0,0824;0,2141;0,2861;1,2592;0,9521;0,0638;3,05;5,9391;0,3507;0,5861;5,4539
2016-10-25;0,1132;3,9543;3,0215;0,5098;2,9678;2,8263;2,8425;4,3058;1,3984;3,98;4,8391;0,1539;3,786;0,1593;0,5788;3,4515;0,4789;0,4439;0,5738;0,9592;2,2015;1,2845;1,028;0,6005;0,082;0,2138;0,2861;1,2658;0,9517;0,0637;3,0406;5,9158;0,3488;0,5835;5,4306
2016-10-26;0,113;3,9517;3,0404;0,5096;2,9614;2,8378;2,8471;4,3178;1,3967;3,9862;4,8268;0,1546;3,794;0,1598;0,5805;3,4681;0,4777;0,4436;0,5753;0,9616;2,2076;1,2845;1,0293;0,6051;0,0818;0,2128;0,2878;1,2699;0,9508;0,0635;3,039;5,9148;0,3485;0,5839;5,4497
2016-10-27;0,1132;3,976;3,0266;0,5126;2,97;2,8383;2,8534;4,3388;1,4008;4,0039;4,8579;0,1557;3,7951;0,1606;0,5833;3,4878;0,4825;0,4439;0,5785;0,9633;2,2184;1,2818;1,0347;0,6076;0,082;0,2113;0,2853;1,2655;0,9489;0,063;3,0499;5,9436;0,3477;0,5863;5,457
2016-10-28;0,1132;3,9696;3,0104;0,5119;2,9662;2,834;2,8466;4,3293;1,4001;3,9927;4,8294;0,1558;3,773;0,1603;0,582;3,4801;0,4801;0,4398;0,5767;0,9628;2,2135;1,2729;1,0297;0,6108;0,0818;0,2111;0,2868;1,2541;0,9447;0,0631;3,0418;5,9395;0,3466;0,5855;5,443
2016-10-31;0,1128;3,9488;3,0042;0,5092;2,9509;2,8247;2,8374;4,3267;1,4005;3,9953;4,8061;0,1547;3,7605;0,1601;0,5816;3,4977;0,4777;0,4382;0,5762;0,9603;2,2122;1,2714;1,0266;0,6039;0,0815;0,2088;0,2895;1,2321;0,9412;0,0625;3,0271;5,9156;0,345;0,583;5,434
2016-11-02;0,1112;3,8954;2,9777;0,5023;2,9099;2,8258;2,8067;4,3169;1,3996;4,0066;4,778;0,1525;3,7623;0,1597;0,5803;3,5068;0,4759;0,4359;0,5749;0,9585;2,2072;1,2495;1,0222;0,5982;0,0804;0,2008;0,289;1,202;0,9302;0,0613;2,9832;5,8344;0,3396;0,5761;5,3945
2016-11-03;0,1114;3,8965;2,9896;0,5025;2,9132;2,8445;2,8132;4,3238;1,4036;4,0067;4,8165;0,1522;3,7867;0,16;0,581;3,5067;0,4765;0,438;0,5755;0,9611;2,2107;1,2522;1,022;0,5998;0,0805;0,201;0,2889;1,1984;0,9312;0,0612;2,9803;5,8398;0,3411;0,5761;5,3903
2016-11-04;0,1111;3,8862;2,9838;0,5011;2,8983;2,8438;2,8047;4,3133;1,4058;3,9888;4,8502;0,1519;3,7748;0,1596;0,5797;3,5067;0,475;0,4333;0,5741;0,9579;2,2053;1,2369;1,0208;0,5964;0,0802;0,202;0,2875;1,1921;0,925;0,061;2,9732;5,8248;0,3398;0,5751;5,3932
2016-11-07;0,1118;3,9132;3,0042;0,5046;2,9207;2,8578;2,8152;4,3283;1,414;4,0029;4,851;0,1531;3,7442;0,1601;0,5817;3,5304;0,4761;0,4343;0,5761;0,9621;2,213;1,2407;1,0276;0,598;0,0804;0,2098;0,2906;1,2102;0,9289;0,0613;2,99;5,8629;0,3423;0,5775;5,405
2016-11-08;0,1121;3,9169;3,0196;0,5051;2,9326;2,8756;2,8191;4,3285;1,414;4,0159;4,8662;0,1533;3,7488;0,1602;0,5817;3,5263;0,4762;0,4354;0,5762;0,9612;2,2131;1,2332;1,0273;0,5997;0,0805;0,2108;0,2922;1,2238;0,9318;0,0615;2,9942;5,8779;0,3452;0,5777;5,404
2016-11-09;0,1126;3,9305;3,0138;0,507;2,9275;2,8646;2,825;4,3455;1,4229;4,0164;4,8727;0,1538;3,7995;0,1607;0,5839;3,5546;0,4771;0,4351;0,5791;0,9635;2,2219;1,2308;1,0342;0,6072;0,0807;0,1959;0,2897;1,2361;0,9283;0,0616;3,0014;5,913;0,3412;0,5801;5,4305
2016-11-10;0,1135;3,9856;3,0709;0,514;2,9676;2,8973;2,84;4,3424;1,4166;4,0351;4,939;0,1558;3,7538;0,1608;0,5836;3,5564;0,4802;0,4405;0,5788;0,9647;2,2203;1,2421;1,0391;0,6139;0,0815;0,1997;0,2971;1,2308;0,9311;0,0628;3,0341;5,9895;0,3452;0,5865;5,4499
2016-11-14;0,1151;4,0805;3,08;0,5259;3,0059;2,8927;2,882;4,3892;1,4188;4,0998;5,0919;0,1582;3,783;0,1624;0,5898;3,6095;0,4811;0,4463;0,5845;0,9725;2,2442;1,2429;1,0593;0,6122;0,0829;0,1953;0,2835;1,2029;0,945;0,0617;3,0546;6,0279;0,3478;0,5962;5,5255
2016-11-15;0,1154;4,0837;3,085;0,5265;3,0193;2,9051;2,8949;4,4098;1,4229;4,1046;5,0734;0,1567;3,7731;0,1632;0,5924;3,6295;0,4848;0,4473;0,5867;0,9768;2,2547;1,2472;1,063;0,6087;0,0831;0,1999;0,2879;1,1874;0,943;0,0624;3,0558;6,0317;0,3503;0,596;5,5903
2016-11-16;0,1167;4,138;3,1083;0,5335;3,0723;2,9308;2,9212;4,4345;1,4278;4,1268;5,1564;0,1572;3,7792;0,164;0,5958;3,6664;0,4895;0,4502;0,5899;0,9821;2,2674;1,2499;1,075;0,6185;0,0839;0,2028;0,2905;1,2018;0,9509;0,0633;3,0938;6,0993;0,3529;0,6023;5,617
2016-11-17;0,1167;4,1375;3,0908;0,5336;3,0836;2,9374;2,9226;4,4386;1,4324;4,1372;5,163;0,1592;3,7938;0,1639;0,5964;3,6759;0,4884;0,4513;0,5904;0,9823;2,2695;1,2486;1,0758;0,613;0,0836;0,2049;0,2903;1,2004;0,9517;0,0639;3,0953;6,102;0,3521;0,6023;5,637
2016-11-18;0,1178;4,1968;3,0953;0,5411;3,1013;2,95;2,9447;4,4484;1,4343;4,1578;5,2049;0,1623;3,7925;0,1646;0,5979;3,6886;0,4879;0,4526;0,5908;0,985;2,2745;1,2346;1,0837;0,6203;0,0843;0,203;0,2879;1,2228;0,9538;0,0644;3,1258;6,1548;0,3543;0,6094;5,6535
2016-11-21;0,1176;4,1748;3,0663;0,5383;3,0989;2,9301;2,9299;4,439;1,4357;4,1345;5,1497;0,162;3,7684;0,164;0,5966;3,6853;0,4881;0,4523;0,589;0,9844;2,2696;1,2344;1,0787;0,6154;0,0838;0,2037;0,2924;1,2357;0,9518;0,065;3,11;6,1295;0,3534;0,6054;5,6624
2016-11-22;0,1172;4,1507;3,0767;0,5353;3,1023;2,9379;2,9176;4,4199;1,4339;4,1152;5,1792;0,1618;3,7487;0,1633;0,5941;3,671;0,4883;0,451;0,5864;0,9799;2,2598;1,2373;1,075;0,6146;0,0834;0,2041;0,2951;1,2259;0,9477;0,0653;3,0882;6,0905;0,3529;0,6029;5,6342
2016-11-23;0,1169;4,1588;3,0886;0,5362;3,0931;2,9345;2,9165;4,4131;1,4282;4,1111;5,1465;0,1624;3,7463;0,1632;0,5932;3,6684;0,487;0,4506;0,5863;0,9775;2,2564;1,2251;1,0767;0,614;0,0834;0,2017;0,2956;1,2388;0,9463;0,0647;3,0844;6,0699;0,3534;0,6029;5,6333
2016-11-24;0,1175;4,188;3,1044;0,54;3,1052;2,9362;2,9301;4,4261;1,4258;4,1236;5,2176;0,1637;3,7115;0,1637;0,595;3,6946;0,4877;0,4533;0,5878;0,9816;2,263;1,2302;1,0814;0,6184;0,084;0,2031;0,2969;1,2185;0,9491;0,0651;3,0895;6,0995;0,3552;0,6056;5,6506
2016-11-25;0,1167;4,1628;3,0981;0,5366;3,0861;2,9292;2,9129;4,4106;1,4244;4,1073;5,1917;0,162;3,6821;0,1632;0,593;3,6816;0,4855;0,4512;0,5857;0,9774;2,2551;1,2107;1,0747;0,6143;0,0835;0,2013;0,2947;1,2263;0,9457;0,0646;3,0794;6,0836;0,3538;0,6016;5,6308
2016-11-28;0,1167;4,1521;3,1027;0,5354;3,0809;2,9415;2,9121;4,419;1,4246;4,1094;5,1654;0,1618;3,7012;0,1634;0,5941;3,6886;0,4857;0,4517;0,5864;0,9798;2,2594;1,2153;1,0746;0,6116;0,0833;0,2018;0,2993;1,2138;0,9475;0,064;3,0689;6,0431;0,3545;0,6012;5,6415
2016-11-29;0,1172;4,1827;3,1213;0,5393;3,1101;2,9664;2,9295;4,4328;1,4245;4,1235;5,2163;0,1634;3,7149;0,1639;0,5958;3,7064;0,4883;0,4536;0,5879;0,9816;2,2665;1,2233;1,0893;0,6188;0,084;0,2023;0,2993;1,2296;0,9505;0,0644;3,0819;6,0928;0,3567;0,6064;5,6594
2016-11-30;0,117;4,1721;3,1148;0,538;3,1112;2,9842;2,9255;4,4384;1,4273;4,1159;5,2112;0,1632;3,6908;0,164;0,5966;3,7251;0,4902;0,4553;0,5888;0,9836;2,2693;1,219;1,0887;0,6201;0,0839;0,2029;0,2982;1,2096;0,9517;0,0643;3,0787;6,0908;0,3561;0,6061;5,6743
2016-12-01;0,1176;4,1987;3,1046;0,5412;3,1293;2,9727;2,9377;4,462;1,4248;4,1409;5,2637;0,1636;3,6768;0,1648;0,5997;3,7433;0,4952;0,4554;0,5918;0,9874;2,2814;1,2135;1,096;0,6209;0,0844;0,204;0,2993;1,2305;0,9568;0,0655;3,0985;6,1401;0,3592;0,6089;5,6798
2016-12-02;0,1184;4,215;3,1306;0,5435;3,1695;2,9911;2,9629;4,4885;1,428;4,1705;5,3115;0,1628;3,7077;0,166;0,6033;3,7766;0,5;0,4573;0,5949;0,9945;2,2949;1,2009;1,1011;0,6256;0,0849;0,2027;0,2988;1,1786;0,9468;0,0656;3,1169;6,1783;0,3595;0,6122;5,716
2016-12-05;0,1184;4,2213;3,1364;0,5444;3,1681;2,9956;2,9631;4,4897;1,4319;4,1639;5,3653;0,1618;3,6981;0,166;0,6035;3,7824;0,5006;0,4582;0,5957;0,9964;2,2955;1,1934;1,1056;0,6296;0,085;0,2043;0,3051;1,2149;0,9492;0,0662;3,1434;6,1931;0,3599;0,6132;5,717
2016-12-06;0,1174;4,1825;3,1129;0,5393;3,1553;2,9799;2,9466;4,5035;1,4332;4,1551;5,334;0,1604;3,6654;0,1665;0,6054;3,8052;0,5007;0,4583;0,5973;1,0006;2,3026;1,192;1,0995;0,6289;0,0842;0,2042;0,3073;1,2225;0,9431;0,0656;3,1258;6,1578;0,3574;0,608;5,7138
2016-12-07;0,1158;4,1268;3,072;0,532;3,11;2,945;2,9076;4,4232;1,4146;4,0852;5,1955;0,1587;3,621;0,1635;0,5947;3,7327;0,4915;0,4532;0,5867;0,9828;2,2616;1,2052;1,0839;0,6262;0,0831;0,2031;0,3049;1,2108;0,931;0,0647;3,0967;6,075;0,3549;0,5994;5,6032
2016-12-08;0,1155;4,1107;3,0814;0,53;3,1104;2,9639;2,9032;4,4401;1,4158;4,0917;5,2126;0,1594;3,6238;0,1641;0,5969;3,7406;0,492;0,4545;0,5891;0,9867;2,2702;1,2252;1,0857;0,6276;0,0828;0,2023;0,3026;1,215;0,9297;0,0649;3,0936;6,1024;0,3543;0,5977;5,6161
2016-12-09;0,1172;4,1772;3,1238;0,5384;3,1688;3,0007;2,935;4,4385;1,4117;4,112;5,2701;0,1615;3,6511;0,1642;0,5968;3,7535;0,4943;0,4572;0,5891;0,9861;2,2693;1,2068;1,0945;0,6379;0,084;0,205;0,3055;1,2375;0,9443;0,0663;3,1343;6,1969;0,3582;0,6051;5,6132
2016-12-12;0,1181;4,209;3,1411;0,5424;3,2054;3,0141;2,9429;4,4583;1,4194;4,1422;5,2958;0,1607;3,6336;0,1649;0,5995;3,7655;0,4984;0,4585;0,5919;0,9891;2,2795;1,194;1,0998;0,6458;0,0845;0,2076;0,304;1,2457;0,9514;0,0688;3,1578;6,2363;0,3597;0,6087;5,6999
2016-12-13;0,1178;4,1905;3,1354;0,5402;3,1941;3,0123;2,9378;4,4505;1,4154;4,1344;5,3306;0,1606;3,6357;0,1646;0,5985;3,7589;0,4972;0,4577;0,5913;0,9874;2,2755;1,2097;1,1018;0,6462;0,0841;0,2068;0,3079;1,2553;0,9447;0,0687;3,1496;6,2075;0,3586;0,6071;5,6736
2016-12-14;0,1174;4,1768;3,1316;0,5386;3,1851;3,011;2,9321;4,4389;1,4114;4,1302;5,2876;0,1587;3,6276;0,1642;0,5969;3,7349;0,4947;0,4555;0,5905;0,9837;2,2696;1,1982;1,0988;0,6418;0,084;0,2061;0,3057;1,2524;0,9396;0,0687;3,1418;6,1879;0,3579;0,6054;5,6557
2016-12-15;0,1183;4,2329;3,1321;0,5455;3,1832;2,998;2,9461;4,4453;1,4168;4,1334;5,3021;0,1613;3,5909;0,1645;0,5979;3,7324;0,4942;0,4558;0,5895;0,9837;2,2728;1,2067;1,1027;0,6426;0,0847;0,2057;0,3012;1,256;0,9482;0,0688;3,1599;6,2425;0,3581;0,6109;5,6544
2016-12-16;0,1181;4,2296;3,1067;0,5449;3,1694;2,9741;2,9315;4,4253;1,4164;4,1152;5,2532;0,1607;3,5828;0,1638;0,5953;3,7125;0,4869;0,451;0,5874;0,9787;2,2627;1,2117;1,0972;0,6358;0,0845;0,2078;0,3031;1,2552;0,9446;0,0686;3,1587;6,2368;0,3566;0,6079;5,6905
2016-12-19;0,1178;4,2255;3,0815;0,5441;3,1646;2,9426;2,9173;4,4157;1,4152;4,1185;5,2662;0,1606;3,5967;0,1633;0,594;3,7107;0,4887;0,452;0,5861;0,9787;2,2577;1,2083;1,0926;0,6274;0,0845;0,2065;0,3012;1,2459;0,9438;0,0685;3,1576;6,2329;0,3554;0,6095;5,6704
2016-12-20;0,118;4,2493;3,0742;0,5472;3,1659;2,9348;2,9355;4,4128;1,4177;4,1289;5,2621;0,1608;3,5992;0,1632;0,5936;3,7176;0,4882;0,4539;0,5858;0,9762;2,2562;1,2115;1,1013;0,627;0,0849;0,2079;0,3004;1,263;0,9488;0,0689;3,1652;6,246;0,3558;0,6116;5,6755
2016-12-21;0,118;4,2484;3,0797;0,5475;3,1767;2,9386;2,9412;4,418;1,4234;4,1357;5,2383;0,1609;3,6139;0,1635;0,5943;3,733;0,4898;0,4576;0,5868;0,9778;2,2589;1,2085;1,1063;0,6274;0,085;0,2072;0,3043;1,2665;0,9485;0,0695;3,1544;6,2569;0,355;0,6113;5,7012
2016-12-22;0,1172;4,2222;3,0459;0,5438;3,1386;2,9163;2,9144;4,4089;1,4214;4,1141;5,2072;0,1607;3,5896;0,1631;0,5931;3,7285;0,485;0,4585;0,5854;0,9763;2,2542;1,2017;1,1031;0,6261;0,0845;0,2046;0,3024;1,2688;0,9432;0,0694;3,1379;6,2141;0,351;0,6076;5,6673
2016-12-23;0,1173;4,2199;3,0412;0,5438;3,1284;2,9157;2,9194;4,4126;1,4231;4,117;5,1815;0,1605;3,597;0,1633;0,5935;3,719;0,4841;0,4576;0,5858;0,9734;2,2561;1,2025;1,1013;0,625;0,0849;0,2036;0,3018;1,2838;0,9433;0,0692;3,1375;6,2224;0,3504;0,6074;5,6622
2016-12-27;0,117;4,212;3,0292;0,5429;3,1124;2,9026;2,9083;4,4022;1,4247;4,0964;5,1681;0,1584;3,5926;0,1629;0,5921;3,7102;0,4837;0,4564;0,5831;0,9709;2,2508;1,1969;1,096;0,6243;0,0847;0,204;0,3022;1,2855;0,9406;0,0692;3,1325;6,2003;0,3488;0,6064;5,6458
2016-12-28;0,1173;4,226;3,0406;0,5449;3,1136;2,9268;2,9124;4,4127;1,428;4,1083;5,1768;0,1571;3,5922;0,1632;0,5935;3,7191;0,4859;0,4597;0,585;0,9719;2,2562;1,1942;1,0963;0,6275;0,0848;0,2034;0,3038;1,2921;0,943;0,0698;3,1443;6,205;0,3495;0,6066;5,6596
2016-12-29;0,1172;4,2161;3,042;0,5435;3,1218;2,9355;2,91;4,4131;1,4267;4,119;5,1694;0,1548;3,624;0,1635;0,5936;3,6837;0,4855;0,4613;0,5836;0,9719;2,2564;1,194;1,0971;0,6279;0,0848;0,2038;0,3084;1,2835;0,94;0,0701;3,1314;6,1925;0,3491;0,6063;5,6752
2016-12-30;0,1167;4,1793;3,018;0,5387;3,0995;2,9058;2,8926;4,424;1,4224;4,1173;5,1445;0,1542;3,5748;0,1637;0,5951;3,7145;0,4868;0,4619;0,5853;0,9749;2,2619;1,1867;1,0866;0,6268;0,0843;0,2015;0,3035;1,2838;0,9314;0,068;3,1014;6,1551;0,3476;0,6015;5,6716
